"0","tamaramorrison@hotmail.com","pbkdf2:sha256:600000$P6OT1dBmGS5TTcZg$a31e4d2d30527820f6a5e147e291f68306d4f7098d269639c5b6d3afc45d337e","Gary","Cross"
"1","woodtina@gmail.com","pbkdf2:sha256:600000$sJBPMgDpSse6vtvr$36ff99001e652c5d347fae3ccc73fb58d3c33ebc359b3ff5fce039ab3d9c8d52","Denise","Thornton"
"2","rogersbrandon@yahoo.com","pbkdf2:sha256:600000$bb7XGR1pynAOwcWW$700e5fc94aeddef1f160c0efcf65cb19b974732d2dbacd2f5619b78974ff8c6c","Christina","Saunders"
"3","davidbanks@yahoo.com","pbkdf2:sha256:600000$1Ckc3fB6Ubbfr0Ns$a15cd7994d6575a96584e9fbb4045325e60d37823a9c7090621c4023fa98a271","Kathleen","Collins"
"4","samanthasims@yahoo.com","pbkdf2:sha256:600000$0hVnzlBi0Agu2iuD$3cf5d8d7a25a23f0f68b79ced45e24d1f9e957c2369ce43d410c825c85e1ac46","Timothy","Parker"
"5","amyvelazquez@gmail.com","pbkdf2:sha256:600000$ttoDKxM5QrLjpu8z$63dce355a3d34799eff71a5290501b72ad66e1fe79afa52f46a4d193d7e68b10","Dr.","DDS"
"6","dpatrick@gmail.com","pbkdf2:sha256:600000$REhtZdgoo61a4j7i$3696079594a7a135df16189d16d425b3f06f3d269d6fe4197bae24ebb4b17084","John","Gibbs"
"7","huberrachel@gmail.com","pbkdf2:sha256:600000$tjQMUvWj1Jspudg3$7cbc6f3c17c315e0ca420eb562e18538f9dd573303bef84bc55686c4b56b2446","Julie","Chen"
"8","karicarter@yahoo.com","pbkdf2:sha256:600000$jbJTCc10zZIaIT9H$41daf6fa045b84521e4795548429c5eddcfbe28c6f4ba38962b300b6798be878","Ashley","Cooper"
"9","bramirez@gmail.com","pbkdf2:sha256:600000$BfAn4rEUjZRa59hp$6c571709a0aa9d82cbc0236174d0a198dc1c63b095364db6bcd66891f64a7266","Christina","Smith"
"10","mcdanielchristopher@hotmail.com","pbkdf2:sha256:600000$OFqokJugryRdkAuP$cb85352d431a9f66838b3d0ed8d2266a621199c30cf4c8b0ab7b0aa566fbfc2e","Leslie","Taylor"
"11","fcarpenter@yahoo.com","pbkdf2:sha256:600000$oNAoiRGFbX1Gb4zN$4c4756662ccac163ca4400f6a48dad539fbc3720450e0fef202330447c440e4a","Amanda","Schultz"
"12","nhenson@yahoo.com","pbkdf2:sha256:600000$s7m2yJFdacGyy6qF$16ad331b010b252a3b7b858c961f784943c676ee10aae391ce9ec630ecd0e8e0","Kristen","Smith"
"13","taylorjamie@yahoo.com","pbkdf2:sha256:600000$J4Lx0z1q59T4G7Go$c5f24591372106afc9d7bb1ef0af59707ac405fc3b1d7ba5fcf9514636a3dd5e","Mitchell","Payne"
"14","areyes@yahoo.com","pbkdf2:sha256:600000$sF7HNMIcEEl3JI6C$15402e6feabbdc07bb86daf6ea3b8cfeb9a6be25545cabca153cf9af89e9b02f","Katherine","Brown"
"15","zmorgan@yahoo.com","pbkdf2:sha256:600000$ibDTDnSNxJEC6BAx$e092c0473d668e6b386713876468c5531e753e6b3dfd0548245052eb3e9f62c6","Jessica","Hancock"
"16","rfischer@yahoo.com","pbkdf2:sha256:600000$MCaV70b3gXJaPqdz$1f9dfb9afee4c7c9a9a654a642e316fae21b6c6e467de0c46f172f79ea028833","Gloria","Smith"
"17","vasquezkathryn@gmail.com","pbkdf2:sha256:600000$34dxLHFCghGrOXbh$ec8dcdc0c8b8629fefbbe7907cf2184a05fad8e3b4103685fdf0bc88e700e455","Miguel","Shields"
"18","kimberly87@gmail.com","pbkdf2:sha256:600000$5VRZcEkojmzxbt51$52916097d8aaedd8988911d05a457ea23249c861e8c23339c46398c0b7347dd1","Kyle","Powell"
"19","wbrown@hotmail.com","pbkdf2:sha256:600000$4kRYExVjbXtg1xJy$b470e5480e41467f77bd9862d9d0dff2b2abc4011c00dc2cb88e89009afb7b31","William","Hensley"
"20","pwilliams@hotmail.com","pbkdf2:sha256:600000$dnBmXCsDCuTttDEG$6668ca30a5baf11925e50e893837fc63515fe59d853aff1acd54ac23a3031581","Brett","Donaldson"
"21","houstonwhitney@hotmail.com","pbkdf2:sha256:600000$g8aORlfrpxznhk3n$6fd0bdbac7f0dc11c5fa6adc6ecb7d01beae9b7463b344fa4d82dad919dd6e13","Thomas","Cook"
"22","pford@hotmail.com","pbkdf2:sha256:600000$7RuvBVNWkS0OzjoJ$e2a57c732c9bafcd89eb0e4a66a2c1ecf280b86da311d5108eca1dc412b0a535","Tina","Thompson"
"23","elizabeth32@hotmail.com","pbkdf2:sha256:600000$t2Ng0vIMfionVGGn$cb5a8457e5e07755b777636ade71c81111cb9248be080b35d2dc38d319c4bf82","Lauren","Walters"
"24","nancy51@hotmail.com","pbkdf2:sha256:600000$9qBgiG9PbMR2M2Vz$d617a2ed4f8e0f908c2d9c9a433479c2a146e177373654bfe5adc17cd58208c8","Troy","Hawkins"
"25","danielrobles@yahoo.com","pbkdf2:sha256:600000$7dJ19zq7kj4DAEhr$2fa2f3eafbdcf03b4645d706616cba9831e4b5c05ed63ba62096ea285f203ffa","William","Bray"
"26","griffinpamela@hotmail.com","pbkdf2:sha256:600000$3f3HYLXN2O6JKEr3$3a6efb97191f844a32ac0b425b5dbca12f27af07cf79a3ea3d2395c1aa9e33e1","Melissa","Wells"
"27","qmyers@yahoo.com","pbkdf2:sha256:600000$wgCWGCcN6tP5oCYi$4b1d88df518b05733b9e0326039b52a12ebd905524d55604d7dd6867f3febd6e","Amy","Sanchez"
"28","jeremy94@gmail.com","pbkdf2:sha256:600000$mFPuKvSdZZOIsJos$e9cb54bfcf6b18009aa28bbd0a79b51806e4f6c0effc952b62ba83895180c754","Joshua","Jones"
"29","wendysteele@gmail.com","pbkdf2:sha256:600000$1IMeD5ECwd6dkkAc$82bf7f7f1b18ed1c5182d7fe64bd4cc44894df01f142b58588241791503b6848","Zachary","Garcia"
"30","hartmanrobert@hotmail.com","pbkdf2:sha256:600000$h3dfBSi630QY3i2k$6148e2046b4b723f8de617ef68acf2e6125518641d4d3c273508a18795fcf08c","Kim","Ortiz"
"31","martinezchristopher@gmail.com","pbkdf2:sha256:600000$ufIC56ZmITQQLoSu$c6dc6f0a1e64d3823e8aa6d0709358baf4ae24d2d7384b1c1d102d82c61915b6","Kristin","Ibarra"
"32","qstark@yahoo.com","pbkdf2:sha256:600000$EBRZpsN305O8OsiT$ae12f181b75b2f3785ba66e53462e57f8c2572bfb8c5c148f1cd669e747a85ee","Eric","Taylor"
"33","waynebarnes@yahoo.com","pbkdf2:sha256:600000$jtrO8PgLxrM7x29h$fa7b65e83dda6d98070cb04f7f0b69a956d2f89f4b0ec9539c4359726b57a9d4","Daniel","Mccall"
"34","vschneider@gmail.com","pbkdf2:sha256:600000$4gvVYsrbXAjIqOB0$89b4c8d50dcc849f02d7f3fa111c6a36e86f9045991c8dcbfd83c0a8f16ed799","Brian","Kelly"
"35","ostone@gmail.com","pbkdf2:sha256:600000$Rg4z0d864nzDO4PZ$54c8651e9bcfa4f0accc3e70b572f7df05dd1645104faf06f14afee9eb83479b","Abigail","Hoover"
"36","blewis@hotmail.com","pbkdf2:sha256:600000$9B09yzIBr5rtGpQC$9f6ed1ea4d2dae9f3dc4fd1d8e49aa7517781f3e9788f14f6e1ef50a07ab79a0","Ashley","Williams"
"37","hbrown@gmail.com","pbkdf2:sha256:600000$5CoEo5OGfmJf6U26$91c53abc182e5dd9c2bc1eb80edf923b4f7d055a4ec5c3d6eca8b21edb31ce30","Edward","Hill"
"38","joylowe@yahoo.com","pbkdf2:sha256:600000$2Vs0VDCbrongvREs$2193d58f5a5d4f62607b043a597d7190892d9e28923590cd03b2db21809400f1","Chad","Bridges"
"39","sandygarcia@gmail.com","pbkdf2:sha256:600000$WpFByRxSlj9iLd46$9e007a846db73776da77a7e5dc1bd482ac1a6229ebaa311ba268daffb0d9974b","Dalton","Fritz"
"40","nbaker@gmail.com","pbkdf2:sha256:600000$wG9m654871RPfs5G$3d0168761b93a0b59639ee9e2ef3ab4a6519362e20a051538eb1079ab795324e","Erica","Vega"
"41","jenniferbaldwin@hotmail.com","pbkdf2:sha256:600000$GYb8U5m9Z4sR3Edj$deb76620794f57ca57846ec7c411c35dc4b7d13d056179abf58d24150502f96e","Dawn","Russell"
"42","codyherring@hotmail.com","pbkdf2:sha256:600000$uyrFqmASjDUBqPuU$92c18a0b2d650c1fe3a817a273871405dfd8b5d7898a3473c7a2aa3356f84015","Erica","Le"
"43","tgilmore@yahoo.com","pbkdf2:sha256:600000$l8tEMphoCCHURAzs$942457462b22e6a4679eb48cd3e645ebe289568a8633726d520d040e3683d1c5","Kenneth","Castro"
"44","justinbonilla@hotmail.com","pbkdf2:sha256:600000$dUg7ni8ACTqX4pIX$2c838392004534f74878ec6b89534967b73c431175226be3272aaf5886102bcb","Daniel","Patterson"
"45","webereric@hotmail.com","pbkdf2:sha256:600000$vG7aTBm0CP2q2P4t$107f25a1493b64d8a87b8b3d839de2b09ba52a4acf5f900d225ef8d0b4da2c6e","Douglas","Yates"
"46","denisetaylor@gmail.com","pbkdf2:sha256:600000$NjH0Bjk65CVmHO4N$c084b01e30a71541d0ba42f9b5ad78708d80e2aa1d56471aba219a5d9793d918","David","Steele"
"47","jyoung@gmail.com","pbkdf2:sha256:600000$NwGp8LGFkaL9Iadc$a4ce1b97dd4d2185318df54f85e8375c632db08036095c87cb50435c8c0b83b5","Christopher","Green"
"48","upeters@hotmail.com","pbkdf2:sha256:600000$kXbOSqwQOGPc5A6k$acdc99dfc57f6d0fe6ed8b4d4a42f114935e2c4a4a24a68031355bae1581ffaa","Maria","Valentine"
"49","torreskyle@hotmail.com","pbkdf2:sha256:600000$fn8LfcMyc9AwUtvz$8d79b9d5979bf5311c8fd68c9fc3aeb6307c85b82ed41d22628bd3f57dff7bb5","Beverly","Taylor"
"50","christopher91@gmail.com","pbkdf2:sha256:600000$z2vbX5PUNOemmNWO$c402132c03ded38fbbca752d696d22e1cb5a57d091734fe65a79c688787c816d","Kristin","Alvarez"
"51","yolandabraun@gmail.com","pbkdf2:sha256:600000$iEFrkaTqSNR3dG4J$de28e6bba603c2e05bf0a5b1d1ff6ae1328152c10366c2075924059764a6e535","Scott","Lawrence"
"52","olsonjohn@gmail.com","pbkdf2:sha256:600000$VHFpjvIAsCEgSL1L$ab7d27aac0ead338f467a702371f44a851c55a41f896b18aa76947ffe84eb5cb","Perry","Jr."
"53","erin71@yahoo.com","pbkdf2:sha256:600000$GoM09MLQPqMGMavF$210ff664e9ce5854d8b8b087d9f9a4cffcf78184984a80e3eafe66b1ebd65a33","David","Rivera"
"54","kelly22@hotmail.com","pbkdf2:sha256:600000$lKQMCac0LiJj4GrU$15e94cf47bd67ecd6a67d952478c13c761146a6e2de1a357eb6679ceb977426f","Shannon","Rivera"
"55","beverlysmith@yahoo.com","pbkdf2:sha256:600000$uaZlJAgwXGG4AcKJ$a90b8e83451527b28bf4752fc7d0d2dbca62a67d094bc9ff3e406af52f7da6d3","Katherine","Smith"
"56","ktucker@hotmail.com","pbkdf2:sha256:600000$PufxpOp574sQKNAG$0f0c191e6331970ed8a2cb55077a9059baf908308c0e80c184103daf2debe767","Elaine","Morris"
"57","gordon43@hotmail.com","pbkdf2:sha256:600000$BfFqH0sU3ckGq3tO$330ab4bdcf43edea8ff1003df5007acd8e1d680a85294372f66ff0af71c8ed01","Wayne","Reed"
"58","kennethwashington@gmail.com","pbkdf2:sha256:600000$w3fQ2BtKEscHbJyQ$5d8a664c09c79e1528bb6e16e58b06d667a3097ccb9036658d4d036be6b2cf75","Jennifer","Marsh"
"59","zharris@hotmail.com","pbkdf2:sha256:600000$5pScVtzYElKjtBWa$3383b1b6eca61c2157d62321978b2b2279d5fb02d51bfe8368b9f749e8a801e6","Richard","Haynes"
"60","davidlewis@gmail.com","pbkdf2:sha256:600000$1nuzAUT2Qn08pa80$d09d35c87d75ab63f364ad9187d49412051ee826d87e6f299f70c6fbd4f5d995","Sean","Jackson"
"61","joshuakent@yahoo.com","pbkdf2:sha256:600000$FWGwY2zMN0u3F1Oi$722b789a9e606e8e971c8e0705cefb557bfa0d739e70cef6bbf2a72382b4560e","Billy","Graham"
"62","tammy10@yahoo.com","pbkdf2:sha256:600000$5YWCVKM7ZX1Y8zty$b7bb9126562535f8e279dfb66fb7b1693c813be2af6a24bd9c69ff3198a12963","Christopher","Mitchell"
"63","christianhernandez@gmail.com","pbkdf2:sha256:600000$lb8TCqzHb1TotFpV$3d62223bd40494bc10702868907202df1e24e56020fe148c8ab18908bc0cfe0a","Jeffrey","Griffin"
"64","randallwendy@yahoo.com","pbkdf2:sha256:600000$bribQl4N6GiJkd9O$b0d52b1f2c66feb0fc533995be32ed1d3c5845664611a92b33b71b7088edab99","Chase","Foley"
"65","heathercrawford@yahoo.com","pbkdf2:sha256:600000$8DaRLT0QziuaBNGi$1c1a4b0b7d6f06de4550e3f09d71421d78ffb68ee834ebb99dbdc40706198ce8","Matthew","Cisneros"
"66","pauldiaz@gmail.com","pbkdf2:sha256:600000$IJ5tQVJJJFAJhVwr$711401933865966399735ba5bc0082c76671e7edd971a45f1c38d5e8cc20dfe5","Tyler","Pace"
"67","victorlewis@gmail.com","pbkdf2:sha256:600000$CeKBLrnLwFUcJsrv$824961e07960465db6d72f0f178c924fd6894c8dd6f08ff30d71e3349f24469f","Matthew","Beltran"
"68","armstrongcolleen@gmail.com","pbkdf2:sha256:600000$r5IbNsXVcteTKpaf$0fe5e5d26a8d01de253a18c5097fbeec233cfd8f2e4f6b1f2f38f590995e9601","Sandra","Powell"
"69","mwade@hotmail.com","pbkdf2:sha256:600000$cSxOK0imDdGBI6aL$c500ea87f57a34a161be8442a5e97a46fa49983a68f04225044da8a2408efacb","Matthew","Jones"
"70","kristinperry@yahoo.com","pbkdf2:sha256:600000$XNTPp3lXEViakDrB$76df908d101506da978cf10664b9a937e6ea007cef63d65b96071c9e9a08daba","Jacob","Roy"
"71","cbrown@yahoo.com","pbkdf2:sha256:600000$RSSNZ0GrazYTWeVw$1d6df8f29400a707fe39f7805764426143c2454165ce9966ca5928c062174711","Shannon","Boyd"
"72","patricklopez@hotmail.com","pbkdf2:sha256:600000$5ejLp9Wxg3WGDXZR$5d235ed52cf8a3dd8900e766da4e8033a326fb9bd7a8fc705a4c6362d513cbe5","Jessica","Wilson"
"73","osanders@gmail.com","pbkdf2:sha256:600000$px9cKaAlkqXPeKyb$e00a4dfe453ac5f964c2da07f3f7050e2e013f4e9510674463c46b4aa78b0ee7","Keith","Ramsey"
"74","sharon91@hotmail.com","pbkdf2:sha256:600000$iSms7IKPo6JNjeAf$954b7b0bbb85fc7f71681765975bc793c7d9825457ca6e776899eeb0ecc0be68","Lori","Dominguez"
"75","privera@gmail.com","pbkdf2:sha256:600000$Z3TSFTYw0BUEANhK$637898a765ac291c60a618d2d7beef15b47b9e68858291940c8a3e660d92a8de","Patricia","Pearson"
"76","brian64@yahoo.com","pbkdf2:sha256:600000$0shTe75WNL2ETKtA$95c32ca60cc62e7d8a139c9bacbc2125655491082e15de1987dec580ba9e09ba","Alan","Pineda"
"77","diazfrank@yahoo.com","pbkdf2:sha256:600000$pDfUt5NvbaSaeNfp$d6495594665c991563dfc4dd341a03be2d027e1c420480bb172d098e5fff275c","Jamie","Clark"
"78","qferrell@hotmail.com","pbkdf2:sha256:600000$veMfz3iiiMxE0V46$cb61009ff55132478399fae452a52f0e64ba45112c7738d6c02115426fe6f5ca","Tracey","Bartlett"
"79","patrick19@yahoo.com","pbkdf2:sha256:600000$SaPlcR3VvFGURfI2$dd86795a5db876c2323f72d23671aa22a0446bcd76112762f849bc806ea2d44f","John","Coleman"
"80","derek56@hotmail.com","pbkdf2:sha256:600000$P91FXl8DMot54Ufx$ace4f9193b3d27b2ca1464f769aa87b19ad1a84c65e63c8af643d3e50656dc72","Edward","Ochoa"
"81","jacob95@gmail.com","pbkdf2:sha256:600000$Z7F3PUdujgKZXTwJ$a768bb30ab84a5842f5586eb98323a60a28408828c5917e3aa669f0cd0c6c259","Sheri","Jennings"
"82","ppatel@gmail.com","pbkdf2:sha256:600000$kF5BccLujcKNJUUB$dbe1c411438195b7d7ddf4c7f519ed476b75863caa751976b8828ed750ff858d","Deanna","Holt"
"83","nicholasmorgan@hotmail.com","pbkdf2:sha256:600000$pcn572uZRLE4Jhoz$e5bc5974a6d8786107993ff0ecd97d11f17684b11cf0cec48da1452221dadf84","Larry","Palmer"
"84","dwells@hotmail.com","pbkdf2:sha256:600000$5N753bVUddQQA7Mi$262f6f460ff801a7dc58d798df35873981566502a0ec2d5c25334dd40edc1f19","Kristina","Higgins"
"85","amyporter@yahoo.com","pbkdf2:sha256:600000$XBgBhF9CF74MYI02$4d51735565ffe58683a364da288a5c50280c4da232778c48c9654dfddc662f34","Shawn","Matthews"
"86","lindseylynch@hotmail.com","pbkdf2:sha256:600000$eUi3k8MtueZ1NTr3$881953dfd2de424f2f83944b88b8fd328258d875583fb6a0155249f67c697690","Leslie","Pugh"
"87","lcollins@gmail.com","pbkdf2:sha256:600000$FyWQoUXv87o61G9Z$088bdf29e7f090170974069da42b65aa4dbc6c582242200482c905dd1ad95f8f","James","Rodriguez"
"88","john71@hotmail.com","pbkdf2:sha256:600000$1YMXs93Of8S35Cf7$8bb8c072bd16153eb97e3216071dd60d00cbc38b50bac0ffdac459dcab519142","George","Butler"
"89","deborah72@hotmail.com","pbkdf2:sha256:600000$wWGdeFl1S6pnWVwc$ef3917cc39b203dfd33c6d9c60ffaf999044cffabe89538a9e8ee6714bccec9a","Shawn","Gregory"
"90","irwinwyatt@gmail.com","pbkdf2:sha256:600000$ThWhv87lfAueicOr$d2c997b8917a6ba3cae92a0559f03c3b1d925220628f99c9158c593b8dfbd50e","David","DDS"
"91","pbrown@yahoo.com","pbkdf2:sha256:600000$UipbsthcbdLYCRza$f8f52b845dfb21ced1fd58d6a233ff5fd2b0cb8018387bab40803bf4d9edbc06","Mark","Chapman"
"92","elizabethyang@gmail.com","pbkdf2:sha256:600000$f2PrQiDJz93XwM0r$99c27c0fbb8bd84d00a7d14464c9f1727da1e6de8c1fe1de9086b105e1c0f39d","Savannah","Miller"
"93","zwilson@hotmail.com","pbkdf2:sha256:600000$ekzzQVGy7tW4JwJ8$3d882a9e840aee4f674281566fbb1b545aa9b1f79c47ed5218eda17c194e512e","Matthew","Doyle"
"94","drakefrederick@hotmail.com","pbkdf2:sha256:600000$pCLgVraKXz04T09R$10c811c125c2fad527196a06ab11c041285befe331c8cf434da19a4650ec1693","Daniel","Carter"
"95","mforbes@yahoo.com","pbkdf2:sha256:600000$3WZZLKLEm4n0dGO0$f43171822baaf897983c96332c31d15772120fa2aed7395edf4c1bf84ab95334","Donald","Ponce"
"96","hillshelley@gmail.com","pbkdf2:sha256:600000$IusImH2DFwpdfanB$9335ada0a930d82d0b932b9ab4c0c43c44376c8526ad1b40a8e251ef3d5bafbc","Dr.","IV"
"97","brittanymendoza@gmail.com","pbkdf2:sha256:600000$lQhHAG9oAmRklRkq$7ca24499f49aaec413aab899fb5a80d4b52a95945bdc48ab8fc1b6ca24ea0f3a","Adrienne","Friedman"
"98","taylor42@yahoo.com","pbkdf2:sha256:600000$QgkEjuVeNAbpqx8w$25c41d30d89f56a989a4cb36d6e8f7ca75f78c7f84e8be9f36ca442a32401bd5","Justin","Adams"
"99","jacksonlori@gmail.com","pbkdf2:sha256:600000$zlyvHzPyRBr9n8w2$003db32caf3e49b17068bec2a63ca253b6bf3dc1363c95fc243336da2786caf0","Michelle","Welch"
"100","michelehicks@gmail.com","pbkdf2:sha256:600000$R52LOBn2EEsn3T5G$12d77c2b60391a7b6d25a397823883eb3fab0d3d0667aa02d883f35177849de0","Laura","Johnson"
"101","robertsmakayla@gmail.com","pbkdf2:sha256:600000$IkMpZbj9PTTdwQU3$e34ea7919986e51cc0dcd5e248b0b533d750954f77dba6232971aa841a05a9ca","Benjamin","Ayers"
"102","briannarojas@gmail.com","pbkdf2:sha256:600000$pyuUy4SUaAc9OnQE$eade35b23e202d87b1f9ee401a7d45fa8cb74544e8831549b5532d61f7f0362c","John","Sawyer"
"103","bradleysmith@gmail.com","pbkdf2:sha256:600000$LDnQFBVMTbUR4lfm$2a338425b6e1016fce029ba575c93f2233ccf0ee7b1701682fcddee52b8c7fd6","Dr.","Jr."
"104","davidnguyen@gmail.com","pbkdf2:sha256:600000$1CjLow2jAlZLAdM9$36b68cb9d8cdd4994ebd044171749a5b6cce3972b6d35e9ee64c3e987133091e","Hailey","Beltran"
"105","caitlinhodges@hotmail.com","pbkdf2:sha256:600000$RLwknURVJIo0LkXg$69bd8ec55883f6f0e8e1c90ffdf9e83fc4088a0233046e71391cd3883cd8339d","Denise","Poole"
"106","rodriguezthomas@yahoo.com","pbkdf2:sha256:600000$x11URg6UnfkGlYRp$7e2d6ad22407522b4637cafe309a0e8ec99cebde228d56090da0db8259db1b4e","Gary","Martinez"
"107","david98@gmail.com","pbkdf2:sha256:600000$mP66cP4oHn4GJoeL$04c70ea725088789dc500a14783ccbe70a6578cf956f770ff35692ab28ea7b3a","Kevin","Clarke"
"108","jwells@hotmail.com","pbkdf2:sha256:600000$GaXS0ZWNcXbpaKLO$43ec9515a8d9e4f6ba7e7671a6295e54ed52c50a80fde9e1e0f52a718e35f7ed","John","Moyer"
"109","erika51@yahoo.com","pbkdf2:sha256:600000$XgVAGTBQSpGoCCVx$aaf1bde4ca207e0c157b4ae4745ccb826adb34b05715516281e79e6cbe9da834","Sherri","Perkins"
"110","wrubio@gmail.com","pbkdf2:sha256:600000$8OM6q5ZMZFs9ow92$ce7b8536b660cc03933066be88b141816b3a7386a89cf5b5e3d43f62df98d209","Mary","Cooper"
"111","hillmegan@gmail.com","pbkdf2:sha256:600000$o5MTvueOUqSxeAgM$6066738f2f027f9906a3843e7550b00185811a76f413612937b8e97da3221b3f","Mark","Dalton"
"112","goodwinamy@gmail.com","pbkdf2:sha256:600000$GxDeB2Jwz7M6vrLz$1164d4d143303dd8274bd0876f81e7964633b6db1a733daf98756d02056af412","Kayla","Hicks"
"113","abenson@hotmail.com","pbkdf2:sha256:600000$vsjOxsMkrKVttNmC$80f70e425e4e54e97430e85c1ccfbd0b40a6cd1a5ac3ad749ea963fc5e626a98","Rebecca","Brown"
"114","jcarter@hotmail.com","pbkdf2:sha256:600000$i9vlretUKDHohkTI$1641c939bd98498b08fa3d150c4fd6542bae810fe997c474f7b3f565404a674e","Kathleen","Hart"
"115","theresa27@hotmail.com","pbkdf2:sha256:600000$v4bKIyLKenFuZ0cc$786fdb3f4627ea93c95bf8689dba7b07308033839cb21160ea2cde120f8d9fb2","Nathan","Perez"
"116","lmyers@yahoo.com","pbkdf2:sha256:600000$HWbKQurKZChQ64rK$b84a3cd7108dac20a83fa52d2a3dd9c44bca23c8ed3eade4a4b7b91f0729731a","Krista","Allen"
"117","howardgregory@yahoo.com","pbkdf2:sha256:600000$x7w23aZXCHwqPCWl$d94a3357633551f7768d5e95440b4e652ccbb6d222fc953e1827863c9e88e236","Robert","Morris"
"118","christopher13@hotmail.com","pbkdf2:sha256:600000$ImCkMfK8O3bkBgZa$dc75443880dc0973d9269422a4449ee7b562b6decd9201b41de1348a97fd256d","Joseph","Smith"
"119","yjones@hotmail.com","pbkdf2:sha256:600000$OFJi9mqf7AXK94BK$4d728794dd8289cc5ec06fec891b87818c963750a3f4f6ea4848b2ff1866740d","Mark","Mendoza"
"120","mschaefer@gmail.com","pbkdf2:sha256:600000$fvdDHgrQLVJRWQvU$4a36ed63e985cc5ed1e792e160082e582ddfb17c25523d11e3154f503f597499","Daniel","Howell"
"121","qmiranda@hotmail.com","pbkdf2:sha256:600000$dnTdOHQ6x3Sg00fE$8cd7d21e3ab8f6327fbc6d1e29422c6ac0b36379c072bcec57f3d9ac34f3b672","Nancy","Parsons"
"122","buchanankatelyn@gmail.com","pbkdf2:sha256:600000$E3VFIUMlWkYF835j$448b8d6d1696576cf42675ca37accf90644ad8ccd9e32ccf1889dcb1970dcad2","Keith","Hendrix"
"123","cgarcia@yahoo.com","pbkdf2:sha256:600000$OvwXUMXhUWl2y9wF$d67cfd4c9d81471f2b07f6ea7c7240394a45f4dda8e33c1c26dac830fddca7f0","Evan","Barron"
"124","phicks@yahoo.com","pbkdf2:sha256:600000$tFmsQW3DoEOu05Xy$9204d9703b95bc1551b8878a472c03fe60a4865892ee903d1e978439e7fd5ad7","Raven","Martin"
"125","rwebb@gmail.com","pbkdf2:sha256:600000$1V9FXWI2oAVVPNjp$c345b4d7825b8793d3c06696296379d2f6c2f0138d161007e4b1394c593bd5c0","Patricia","Wright"
"126","jaclyn81@hotmail.com","pbkdf2:sha256:600000$0jaF3TsfAomvpPKQ$1b45bdf0870a297331cf90b4f74115cd7bcf3845e0aefeaf1817c58c7f1a9c74","Carolyn","Coleman"
"127","robinclark@yahoo.com","pbkdf2:sha256:600000$QaVs8twDKkaNg86Z$963cab8b9833aab809f3d49e2bdc776117d752c2621c454941745e19a2995b34","James","Stark"
"128","mcclurelouis@hotmail.com","pbkdf2:sha256:600000$NvceQAFeW6VzLAUP$3c755a49af5302ba89a07eef390771fc15eed8fcfb60548c7dcb28ea5ac820fe","Melissa","Edwards"
"129","boydabigail@yahoo.com","pbkdf2:sha256:600000$IhZ58OJzEufdpTIu$f93f8e3190ac55422131704585d98de004c60af1ac25eea46c1e6f22ca3e58ae","Shannon","Rose"
"130","andrew62@hotmail.com","pbkdf2:sha256:600000$2qnJvL8QpO7Vilyw$7a7b5e9ccded78623ff38a68ca09d70aea115c43a1fa7c66deb203008260c518","Holly","David"
"131","michaelharmon@hotmail.com","pbkdf2:sha256:600000$p3mHnKaONnfJikJb$20a35d6d39535331272684d61c0c3967d118760c24526031bfb0c2543418d15f","Nancy","Castro"
"132","carlcamacho@gmail.com","pbkdf2:sha256:600000$UnbpDtDtfWXRkZeD$df312ccf177f986c624e524b6bd60cf2cf569ff7dd9aed9613a5c1e70ac0436a","Brandon","Hood"
"133","makayla28@gmail.com","pbkdf2:sha256:600000$rzhkqngMyYA15mZM$484e359ed0c924a5b62918b163e2aff9b56b94c59ae5bc19b15642b185ec9e96","Linda","Wilson"
"134","longaaron@gmail.com","pbkdf2:sha256:600000$I3rYE0zdakfNPtQY$d2981e3fae0200579818b9c28dbfb7401b47c917f45e1c4adb738cdce23a4a8f","Stephanie","Flores"
"135","ecarlson@hotmail.com","pbkdf2:sha256:600000$pVnJH9DnKYJSG2Ql$e1360b895cf269f392e78c9058434c3d08abce88ad8ba88e32eb5170ac20e1bd","Robert","Brown"
"136","amygrant@hotmail.com","pbkdf2:sha256:600000$g1xvdxVxYPWjAAvy$c74e5625390e1b21d7e126356e968eeffc4351597368f9b9220d29474c6f9673","Andrea","Jones"
"137","wbowman@hotmail.com","pbkdf2:sha256:600000$gzpDAo2FYmAK1t7k$81fe081934465cf217b06a00b45cf572b0d2d5f8a6a94e099201366f6d55d55b","Erin","Sims"
"138","megan26@hotmail.com","pbkdf2:sha256:600000$QIx48eI1mvmqHhi4$b5f3a00f43900af5d0ce754d68ad7693a66bb2e385046df8e2e7920efeb4dcc5","Michael","Cannon"
"139","brittany63@gmail.com","pbkdf2:sha256:600000$b4HcBt8w1OgYrK70$662d5770e4e1c3dc433dbed076cdb1fb919471328e91fa19482ac44a3227c31e","Jennifer","Williams"
"140","jenkinsamanda@hotmail.com","pbkdf2:sha256:600000$zy7x3UjWwgduSdlr$58d26f4c3d64e8c337b25eef6984af071f2004a5ee0ab01cf8f1efffae375f9f","Dylan","Williamson"
"141","bthomas@yahoo.com","pbkdf2:sha256:600000$PYn6aeAlGkcxeCOv$38ca31266eb6a72758fe497636e86b3b02e436faa079ebe8f2077e11a0fe093c","Mark","Oconnor"
"142","anthonybush@gmail.com","pbkdf2:sha256:600000$XZgkypWsUaERiIx2$70647010da8441b29a51ec2ec34fab147c97ad941dfd298e8894f341b1da254f","Susan","Pearson"
"143","wilkinsonmark@hotmail.com","pbkdf2:sha256:600000$ttXnaOaYuFvsQWI9$c0ff808bf9ee63612d6ea7beaf3d69ba78af8596366bf786787aebd521ef880f","Allison","Bridges"
"144","hickmantina@gmail.com","pbkdf2:sha256:600000$E4Kc8LbnghzspENv$7d5e6473f9d64d0de847604415b716c61541a674e76f7a4e471b38a1cfb2a761","Andre","Brown"
"145","jturner@yahoo.com","pbkdf2:sha256:600000$OxtSUfS9PXjE9Hzn$559dcc0114c7313d6eb7428c33d4a20373e0d1a5c94233567a916dbcc001fe71","Mitchell","Flores"
"146","jesus24@gmail.com","pbkdf2:sha256:600000$JwtGZzq0uz0CQrTA$be9713e9cd90aa678730f7388579734a15ad702b4d005e46cc053ff8bfc26f41","Michelle","Stewart"
"147","caldwellamanda@yahoo.com","pbkdf2:sha256:600000$2ZzPPLvfrSBSEiJc$d315756c4854915b5fc01ac28448325e595fa9728368367974eb3f81de8c48ed","Robert","Jones"
"148","choiryan@yahoo.com","pbkdf2:sha256:600000$OPNo1FCXzObFCzz2$6bc1970fd7ca90e3df34c61def2b9e63f41a7559629f3352bdec5d1307f36a4d","Brittney","Robles"
"149","gwilliams@hotmail.com","pbkdf2:sha256:600000$Ejj50Vxesrz11Q8B$b8a72fbf7c40b1ba2597cfad6620ba3606590bbb5da9aae0c50afddcf0420eb6","James","Brewer"
"150","heidi31@gmail.com","pbkdf2:sha256:600000$U01RTtJuanQigcDX$79e0d6e4b0660702e3cbda0c3b976ade7707d2cdb24276c2cf0c453cabecefc8","Erin","Long"
"151","carsondustin@yahoo.com","pbkdf2:sha256:600000$3Ajh2fVfszg1CzbV$a465d10015b6f737239ae7dfd124fd29ebfc2a6aa295132a525f038cd91ef3ea","Jonathan","Ponce"
"152","jennifer01@hotmail.com","pbkdf2:sha256:600000$z8NSlBVmhPm5Rmur$393c30e5c10e70f7dc26ab03701482eedbd70d6b0766d5a7ebce43d733ab61cf","Aaron","Stevenson"
"153","randycoleman@hotmail.com","pbkdf2:sha256:600000$pklgKhcIqEWb8Lyi$836cf67825fbfc29094cf7018791622214f4f0d1a79727f12472569e2cec58cd","Austin","Smith"
"154","wrightrobert@hotmail.com","pbkdf2:sha256:600000$puYgZiqWTfDsJ46a$1e7dff03357cdebc52f1508f3fd7f0a253c949795f4cbd54f4c5564f938949ab","Bobby","Berry"
"155","hthompson@gmail.com","pbkdf2:sha256:600000$PruEdR4iChRegRii$e695b4d5c90cd7703329b447c0df540c1ad972c1ffec327cd70e590dde768b8c","Logan","Clarke"
"156","sandracallahan@yahoo.com","pbkdf2:sha256:600000$WS0ZqnW8zloFo30U$cf66e745d4aab7d2378744df337990c94e8513ded5a38d42ed1dd74454d6b9ae","Jonathon","Bell"
"157","ustevens@yahoo.com","pbkdf2:sha256:600000$ZnBSkuxQPdLvqTmW$d93bbfb1f44057de35af94cfdbb3b35e4c9e1f4facf45d04ee04c5132b8aefa2","Timothy","King"
"158","joeljackson@yahoo.com","pbkdf2:sha256:600000$rrNtmpLnNylhkHBV$6d52c22948e2e70a605c7ca4b1487ca6210a318cbd716eb33fd0e17615a99980","Courtney","Miller"
"159","masseyjessica@yahoo.com","pbkdf2:sha256:600000$4rhtfJhfOxuRDhRN$cdeb8777935e55d5f227f537ce1bc89cd10066d20ea80e247e43a69fbf8ac180","Jessica","Dawson"
"160","janice37@hotmail.com","pbkdf2:sha256:600000$U03IlIEg6GzhDet0$7e124740d6dc5705427081d4d588706ac2277f8674fc4ad7170457c9d4bd9a7c","Carrie","Ryan"
"161","bakerroberta@gmail.com","pbkdf2:sha256:600000$A1nyN4m3Nmogpn9E$ebef5fc1edfc15d11a204766a0b600b9cefc2c653909ca3e5c16b882e5588f8a","Matthew","Walsh"
"162","nsilva@hotmail.com","pbkdf2:sha256:600000$qMauGgKQWfiUSqTW$273ee4810b4988e97c866a76de7c25c42af51098bb316384073d23d171d29494","Valerie","Hardy"
"163","smullins@hotmail.com","pbkdf2:sha256:600000$W0pqZ7WXkUfo740c$0510e25b6bc0e3a61bde918ea262127c930fd32c14420b1726d4c773cd9661e3","Danny","Cook"
"164","hhenderson@yahoo.com","pbkdf2:sha256:600000$kjuGcUYtWwJmjFwn$d40fba0746e4ec738cf71da7b9f63cd77f00cc38682b92b71836bf44fba36d6f","James","Beck"
"165","michaelferguson@gmail.com","pbkdf2:sha256:600000$UCB4c8fPV0deqK7A$77175e051965494ba203b20e7009c6436494c191cf9f091c71bebeaa915d5c1a","Kimberly","Erickson"
"166","harrisbrent@yahoo.com","pbkdf2:sha256:600000$Bbsg7LNenafPU6hH$43340c7ba44ac0529b6973eb623cdd7bb8463a68fa233fafa7be86b4b6f20318","Mrs.","Clark"
"167","klevine@gmail.com","pbkdf2:sha256:600000$rzMn6B7I15PvPZlC$27d377ad5d8cda83673d6f2f042575c1455b24423eba13abee0d94b671643552","Laura","Cooper"
"168","ncharles@hotmail.com","pbkdf2:sha256:600000$Y5EPG3pbDFyHUNq6$44a3298f73a95e1eab992dcbbed1d02b1d9e786e51037365d21e63fd643cd1a8","Michael","Warren"
"169","carlsonnicholas@hotmail.com","pbkdf2:sha256:600000$P4M98qP2ZT7GkGW9$046133cd2cdb76f3450979706e16adf12b7b79fb4c0620236e6d95d842dc3e3e","Dean","Bowen"
"170","swarren@yahoo.com","pbkdf2:sha256:600000$CM8ax6Z6K2aWiTfS$9a62c8c53332e114e0e9f69423ae16120c4398d491e0eed0a9846ee998e48107","Crystal","Brown"
"171","hallricardo@gmail.com","pbkdf2:sha256:600000$Y1lTwHU7rs0WSDtf$c905286e7273d78dd3d9fa7d83a7500bfa12b879357bbe2efd16b64fd8c694d0","Kenneth","Scott"
"172","warrenpaige@gmail.com","pbkdf2:sha256:600000$swiJCa9Th4vcs6Y7$e5cc266d2f74fb67048c74c0cadca557420304993436ab755172e043a019db23","Martin","Nguyen"
"173","gregory93@hotmail.com","pbkdf2:sha256:600000$zMws75lg8QYkhGwU$9cc11ed2bb9506a04f7d433f6cf2b57545a7389cb2ea37a8a8853e78d4e7b3af","Chelsea","Barber"
"174","allencynthia@hotmail.com","pbkdf2:sha256:600000$3SW1Dy34hk1Gw4DE$9bfc479b924c4f583160a10ebabcb32fadd67a7f9a925063a39f9d1ddc5ead4c","Wanda","Johnson"
"175","cory07@yahoo.com","pbkdf2:sha256:600000$13vKMPb81UjWaXNz$2c3ec13017424dd8d6c1c8d3fe7ed04e0ee1036ead9ed6e20466c1345ddfd21b","Steven","Jackson"
"176","cabrerasteven@gmail.com","pbkdf2:sha256:600000$xHGho4loSKUPgM3y$83c4c5dba2a25383ebe86a33d5b7dff9981f62f068bb44edd40d343e6bdae257","Dawn","Powell"
"177","george85@yahoo.com","pbkdf2:sha256:600000$ktx04MGNSwJhqBQ4$9ff9eab9d748ee3eda573ae8d0ff8d00ddfff4c7f27a668bfa1d38e35b673298","Larry","Thompson"
"178","angela87@yahoo.com","pbkdf2:sha256:600000$QiNsZ6rYlJ846DXo$0c6a53fe750efd07feb43d10099779bb43c151f049ba234bab86b9437ad368e2","Corey","Whitaker"
"179","mejiarodney@yahoo.com","pbkdf2:sha256:600000$2v9KxeJqiWyn6Dyb$a1dd33d4d2bc6d7479e24139f9e1ddd7e8da5c3d9ea3ee82871fc64576b27795","Karen","Parker"
"180","haydenmark@yahoo.com","pbkdf2:sha256:600000$IBoSJB6KGZE2C4S7$38ac17535b227b3afda884669a22d1b6dc3d23ea70d0f4a01463e9f95a70876d","Melissa","Wright"
"181","owilliams@hotmail.com","pbkdf2:sha256:600000$cyd0QchZ62NJQcLY$cc2ce9066ddc1141e7fdabe9bb1601a5ca8b0c1918f2554b289a637b2db07ba9","Samuel","Bernard"
"182","james21@yahoo.com","pbkdf2:sha256:600000$PueRbZ4UweKfI4SZ$c9e458f60462140a65575f2094d77c573a4824543c53e43e6caa2fd1919b638a","Jared","Hill"
"183","shannon24@gmail.com","pbkdf2:sha256:600000$3SQp61LGHqLuBC1s$4d32417ccbe8adc2a71fd96fdc041486426677a12c0fd963f837c24e6b3defab","Alicia","Liu"
"184","thomasgreen@hotmail.com","pbkdf2:sha256:600000$b9Dowv24uvMvk0gB$d757585c684334464864100dd77d924ef7bff97e5eff73a7a11607cd96e20708","Jonathan","Jones"
"185","fisherbonnie@gmail.com","pbkdf2:sha256:600000$Hm9kpJ2dZTs3Xh7Z$3e57fe538f79805733ee1b6c9f74aac6ffe4c1e9e810f670a65506f5479522a9","Ryan","Ryan"
"186","hartkelly@yahoo.com","pbkdf2:sha256:600000$Z893AP9XnlflSugR$25052c413eac016731e5f58aea82ee5f547d89b2e926cd6a1b853c8f99de95d7","Jessica","Carroll"
"187","allenoscar@hotmail.com","pbkdf2:sha256:600000$UsbF5DH6wd5EbprV$e006eb62c372cb25bf9a86364b34d37f05d5fd2d1851c45596cb10134fd24fb9","Sierra","Jones"
"188","yallen@hotmail.com","pbkdf2:sha256:600000$oVNnIV6G5J4EzkTS$94c0aa949db430d20763f5f21b3052b2e247e40ad71c6b7af5e3de8a42291a2d","Jamie","Haney"
"189","bbryan@hotmail.com","pbkdf2:sha256:600000$lKmXnqOFYYh8IgnU$506ded0c0f9868b6a33e66cfb13a340e091e696163ce6ce3c280a7576ea2985a","Dawn","Haynes"
"190","ashlee63@gmail.com","pbkdf2:sha256:600000$ro0CrIt7cRtTwumi$ef83ea5d2027e01e8e2d30ddd44c5baf525405114fdfbc052985ee3df24fcb12","Joseph","Reid"
"191","bennetttravis@gmail.com","pbkdf2:sha256:600000$89jsupsCW3yEyuG4$9642202990599a29f8c089c7ef4b1dbe3761afb2c73f4bac1365f567715deff8","Brian","Holland"
"192","nnovak@gmail.com","pbkdf2:sha256:600000$7fAwOgFeNtJJKcfx$af5a06eb3b0e45b9acd3b933140c7e4bd1c8930f373fc4b77375084a905a29bd","Michael","Jones"
"193","ericmontgomery@hotmail.com","pbkdf2:sha256:600000$ozKYXiTg563DngtR$f0220dd92d2006f18b2e5dab024ed61e1dc4f3d6fb382312e4cd789d1d0b10ee","Elizabeth","DVM"
"194","richardprince@yahoo.com","pbkdf2:sha256:600000$dZR3DSzzlj3BP7TR$fdd8a654cafead0cbdb780b79cb965e3fd9aad831cb66cb84317e3d881bd6b2c","Linda","Johnson"
"195","bonnie69@hotmail.com","pbkdf2:sha256:600000$jljAYqzbXgqw3BIs$242706589f72d9afa4c70f5fcdc6b39446da0f3cbf6f3fc9c0617f18bd93821d","Jo","Johnson"
"196","joshua72@hotmail.com","pbkdf2:sha256:600000$5peqxkulTV9ngaAF$f29a181f4e3f02b2a1bd11177bac9082772ef491820f516b5f3135684b3f2668","Lisa","Ryan"
"197","charlesrichards@gmail.com","pbkdf2:sha256:600000$GEnRzNGXSzkdO8FZ$ba1548eb58b0f2421b14777080f7d223592e69f38c48ddbd6a75ea37d92bf7f1","Robert","Anderson"
"198","briangomez@gmail.com","pbkdf2:sha256:600000$dVLtkgOVojVb8yHU$a104c44d93327dcca491451f190eb93ea08e6eadeddddd45a4565cf234627a66","Rebecca","Haynes"
"199","deleonpatricia@yahoo.com","pbkdf2:sha256:600000$AOgMOCAUSKhHjbI4$9def72d794939b083a2e4ffb04f5a33affca9466612d5b69c1f8aee6f2ebeea2","Dana","Morris"
