"0","1449","0","4","If quite hot onto team forward how natural still floor.","1999-06-15 10:47:39","57"
"1","2218","0","3","Detail nearly executive scientist argue sound herself west business.","1985-01-04 16:05:01","74"
"2","3071","0","3","Guess hear big age ago security describe happy.","1974-01-06 11:33:44","96"
"3","2813","0","5","Main along live military husband prove speak article.","1971-05-12 11:38:43","45"
"4","3768","0","5","Nice answer break artist always recently up future husband fear.","2005-07-07 21:12:25","38"
"5","341","0","5","Position claim personal sea born where protect.","2014-10-09 20:08:54","74"
"6","2640","0","2","Popular key sure road remember into police together build where.","2015-01-11 14:37:11","84"
"7","570","0","5","Take wonder hear keep attack great science writer film back future.","2013-09-15 22:49:14","7"
"8","1057","0","4","Step against system day treatment prevent reason sometimes animal.","1994-09-13 07:13:03","9"
"9","2697","0","1","Water lay least remain easy challenge.","1999-10-31 00:10:43","78"
"10","2102","0","5","Will ahead ago himself newspaper pattern career.","2007-06-28 20:51:20","27"
"11","2755","0","1","Answer bar relate outside go also ready food personal phone order game.","1991-12-11 20:40:24","21"
"12","3068","0","1","Laugh kid offer man life positive million standard brother.","1999-01-10 19:30:33","100"
"13","3865","0","4","Boy those one show ahead car tonight partner.","2008-10-27 04:42:30","75"
"14","1725","0","5","Such owner for prepare response end subject.","2003-08-31 08:25:24","39"
"15","3231","0","3","Official anyone among knowledge structure service change room quality administration or wonder pass.","2013-12-25 17:52:22","38"
"16","2272","0","4","Board six these school wish sometimes professor follow night interview rock avoid family.","1998-04-05 02:17:51","92"
"17","2984","0","2","Develop center land morning production market how wear until deal step try.","1989-10-12 11:52:21","90"
"18","426","0","2","Perhaps kitchen its time simply civil success school time marriage.","2014-12-05 08:41:52","34"
"19","1110","0","2","Popular any claim three eight career free girl deal.","1980-02-26 18:35:58","96"
"20","2516","0","3","Skin within sort left reveal later go century factor through me catch ok.","1983-01-09 00:31:48","2"
"21","2079","0","4","Sometimes control out compare spend here bit let parent manage and food less.","2020-10-28 23:58:39","65"
"22","1075","0","2","Choice court everyone three machine information actually despite alone film federal but.","2000-05-22 05:40:21","44"
"23","2192","0","5","Production pay such Congress she hard camera star environmental law trouble.","1992-02-27 11:16:25","54"
"24","2353","0","5","Five voice include interesting tonight sit.","1979-10-05 12:01:09","72"
"25","3828","0","1","Walk quite see plant military leader together.","1993-07-14 12:14:20","73"
"26","554","0","3","Option before energy thus resource mention different.","1971-04-26 21:33:25","1"
"27","3120","0","1","Today fall partner game stop factor entire.","2018-12-12 08:33:15","71"
"28","2359","0","2","Major reality week see but both fight fund affect between like.","1984-09-22 06:34:17","26"
"29","2713","0","3","Young knowledge catch energy require trade current factor large media already.","1993-11-10 03:46:46","75"
"30","180","0","4","Trade probably game think also mouth large source there thing no.","1992-06-12 04:33:39","85"
"31","3696","0","2","Over new administration example agree it.","2009-06-14 04:21:21","45"
"32","657","0","4","Rock tell from sense age board health red rather sense politics join.","2017-11-15 08:45:57","20"
"33","3688","0","2","Size would mean purpose cup Mrs yard road cost whether take decision fine.","2020-06-16 05:15:28","10"
"34","422","0","3","Matter which term up mean rock.","1987-04-29 01:39:26","37"
"35","2176","0","2","Fight scene poor side modern tax sort soldier personal to against go sister.","1987-03-31 07:59:15","96"
"36","3274","0","2","Learn item board century star owner.","1993-06-27 00:31:25","65"
"37","2874","0","2","Religious interest firm house rise character.","1992-08-18 07:24:22","80"
"38","2401","0","5","Quality three pick exactly ago clearly air suddenly put city magazine.","2002-09-07 11:22:43","36"
"39","1925","0","3","Policy next network usually wife according region before site various stage laugh leg.","1989-12-31 06:30:26","22"
"40","1096","0","2","Clear avoid debate rise could raise.","1986-10-27 02:53:11","31"
"41","1320","0","3","Collection serve fund cup perhaps least away save meeting.","1970-10-19 12:42:47","9"
"42","2993","0","4","Each environment huge who feel country young sport he mouth current rule.","2011-11-04 07:13:13","63"
"43","377","0","2","Simple bit key particularly performance goal material executive as these.","1983-03-02 23:27:17","72"
"44","1454","0","4","Speak body economic build send hot market budget.","1986-09-05 08:36:04","21"
"45","3979","0","5","Cultural ok reality meeting strategy including future example break source shoulder project be.","1999-10-24 04:59:30","19"
"46","3574","0","2","Break already difference general including task appear item learn fish present personal service.","2003-03-11 12:02:39","51"
"47","179","0","2","Apply ago left treat build wall.","1990-07-11 06:51:39","18"
"48","2251","0","3","Live force good people food fall subject family.","1975-01-21 18:27:13","91"
"49","1681","0","4","Those voice under anything while almost.","1996-11-09 03:05:52","56"
"50","2835","0","4","Model information product concern court speak clear begin various candidate institution beautiful.","1997-07-14 14:31:09","84"
"51","1485","0","4","Do environmental successful side guess view human.","1990-08-19 02:53:59","87"
"52","1292","0","5","Third research same check tend analysis establish western.","1989-04-29 08:57:09","93"
"53","3837","0","3","Son short time reason appear bag some environmental.","1982-03-23 00:24:17","77"
"54","1982","0","2","Guess himself today what another middle.","1994-03-09 04:00:35","47"
"55","238","0","3","Natural air skin bring week soon he need high again executive.","1971-10-14 17:28:38","39"
"56","3002","0","5","Social remain account computer include grow.","2005-11-23 08:10:01","94"
"57","68","0","2","Development agree treat special sing let according.","2020-05-29 04:21:33","84"
"58","2387","0","3","Degree growth action why down degree old discussion task can little since.","1970-01-14 21:51:21","98"
"59","3692","0","3","Career rest hospital oil affect space majority seven defense.","2022-08-01 21:26:19","56"
"60","578","0","3","Something them recognize make challenge financial face myself peace seem other.","1996-05-27 04:16:23","9"
"61","3701","0","3","Common part real commercial note difficult management above.","1987-02-23 19:55:18","77"
"62","1536","0","2","Decision color expert name thousand sport.","1983-02-25 23:36:52","13"
"63","1517","0","4","Dinner either daughter read whether food western pressure.","1998-07-23 18:26:16","31"
"64","2377","0","5","Hold item sister stop news try fall generation hundred without state author event.","1980-07-26 08:41:20","84"
"65","1883","0","2","Speech picture science but election poor seven something must.","1996-12-02 13:20:27","25"
"66","868","0","3","Wrong full read staff talk receive house consider.","1977-10-28 01:41:29","54"
"67","3326","0","3","Little sing life administration husband form serious red allow.","1978-05-05 01:59:29","58"
"68","2499","0","1","Think network claim usually full few on dark decision.","2007-02-08 05:00:56","75"
"69","2665","0","4","Before mention rather thought middle clearly fight now.","1979-03-05 18:17:33","60"
"70","2852","0","3","Garden executive meet PM factor test somebody develop similar event.","1984-05-27 13:31:01","100"
"71","294","0","2","Rather indeed window music could ask.","1970-12-20 05:29:19","100"
"72","978","0","3","Democrat fill woman or recently debate property.","2000-05-01 06:24:01","36"
"73","3320","0","1","Finally film water stand trial four leave.","1994-08-24 03:15:52","39"
"74","213","0","4","Fast trade painting down each even hold whatever.","2000-12-16 20:13:12","60"
"75","2306","0","5","Change field floor physical air night church rock natural let quality.","2011-04-29 19:17:03","59"
"76","2199","0","1","Suggest space manager over state your if imagine.","2005-11-23 14:17:33","47"
"77","1000","0","5","Factor series allow follow reflect week.","2003-03-21 20:39:03","39"
"78","102","0","2","Meet follow mouth of establish discuss explain sometimes year among trade development including.","2021-06-12 04:20:39","100"
"79","2504","0","1","Could before because say care lead protect lawyer daughter.","1984-07-15 12:08:46","23"
"80","3565","0","4","News hand about process bill pick right management represent.","2022-02-22 13:31:31","89"
"81","1064","0","4","Run space door just sort can.","1996-10-12 00:21:37","95"
"82","1383","0","5","Whole he yourself future past though bring suffer too summer.","1980-09-17 20:44:10","34"
"83","464","0","4","Car pressure Mr easy machine side never.","2015-12-16 05:58:52","48"
"84","2002","0","4","Great Republican situation force general industry note sometimes wear yet.","2006-06-22 02:12:42","29"
"85","86","0","1","Teacher left board nation sea response tell.","1991-03-26 20:02:04","59"
"86","2457","0","3","Collection thousand style table standard each quite manage former seek admit modern someone.","1993-12-04 16:42:51","29"
"87","3151","0","3","Source able drive guess write week plan claim myself visit.","2022-01-30 01:02:50","98"
"88","573","0","5","Take game arrive cultural only again place.","2013-06-24 17:43:44","16"
"89","2847","0","5","Himself fight recently loss fund player very song certainly lot.","1990-07-18 07:00:42","85"
"90","524","0","5","Service bring particular find through easy power quite beautiful lot show.","1991-12-27 20:05:43","93"
"91","2602","0","2","Something return low imagine pick person financial although always rock watch still.","1975-01-06 06:42:48","73"
"92","3278","0","3","Media doctor scientist process nation lead but go character music.","1986-10-13 20:22:42","22"
"93","578","0","3","Cell lot himself group card lose later discussion remain beyond.","1971-11-06 18:28:39","2"
"94","1149","0","5","Out baby wear defense past policy say.","2023-06-04 01:28:10","28"
"95","19","0","2","Provide site onto house left check poor movie for.","1986-08-20 02:58:06","38"
"96","1549","0","4","Wonder police Congress various eye much most available rule party.","1990-09-05 15:35:20","80"
"97","108","0","2","Always place help always man interest box arm imagine.","2016-05-18 02:48:43","62"
"98","630","0","4","Event to cut environment run fear.","1985-08-15 00:08:19","67"
"99","2504","0","4","Available campaign amount sit resource music son.","1983-01-20 21:45:33","81"
