"0","1834","90","3","Report away federal set themselves that son firm by get item.","2006-05-14 16:52:04","38"
"1","922","70","5","Art baby mind sound various natural most identify once without couple issue themselves.","1994-01-03 07:10:24","2"
"2","106","40","2","Enjoy upon radio city right bad buy ability thought establish.","2000-08-07 22:52:31","7"
"3","1449","5","5","Nice answer break artist always recently up future husband fear.","2005-07-07 21:12:25","38"
"4","2436","20","2","Them represent music themselves system against official direction.","1991-08-03 19:12:14","82"
"5","1819","3","1","Remember into police together build where son production.","2020-04-20 20:08:35","70"
"6","3531","106","2","Hear keep attack great science writer.","1990-11-26 02:14:34","58"
"7","1369","19","3","Politics arm leave your wear step against system.","1983-12-22 10:46:52","81"
"8","2694","37","3","Military tend price build since water.","2001-01-12 00:26:36","63"
"9","1489","117","2","Page speech particular mouth better yard home pattern foot.","1994-03-24 03:29:53","78"
"10","1874","34","5","Prove bed answer bar relate outside go also.","2016-11-20 04:57:23","90"
"11","3810","82","2","Cell have argue follow score example leader hear attention traditional sure hotel people television.","1999-01-10 19:30:33","100"
"12","3177","111","2","Note data ask miss until school hair.","1980-10-31 06:25:12","73"
"13","1725","151","5","Such owner for prepare response end subject.","2003-08-31 08:25:24","39"
"14","1247","199","5","Maybe suffer need level evening crime professor lawyer door operation including two many.","1990-05-31 07:08:14","70"
"15","3567","114","5","Industry win sometimes past book himself daughter.","2010-03-19 02:22:50","71"
"16","2794","109","5","Wall number rich dog develop center.","2000-05-30 12:10:51","67"
"17","2723","48","2","Open return social car oil eat year will big together popular usually.","1986-10-27 11:45:28","47"
"18","2948","159","4","Nature strategy around garden since field happy even entire crime popular.","1973-05-01 04:18:09","75"
"19","1671","41","2","Someone accept economic man person sell various others defense.","2001-03-01 21:00:21","51"
"20","202","118","4","If movie important adult decade various cost sometimes administration listen peace.","2007-10-12 04:39:18","23"
"21","2476","10","3","Half radio gas reflect once ten probably all.","1993-11-18 08:58:44","59"
"22","3088","122","5","Wonder month claim movement story he point along month.","1972-11-07 14:45:29","4"
"23","1260","117","3","But turn general one role production pay such Congress.","2022-02-03 15:00:43","94"
"24","426","94","2","Star environmental law trouble too institution method.","1970-12-22 15:15:56","40"
"25","3869","71","5","Success thought building least none although walk quite see plant military.","2001-02-27 04:50:57","67"
"26","2379","88","2","That option before energy thus resource mention different you.","1970-12-04 01:54:38","96"
"27","3772","17","2","Fall partner game stop factor entire spring worry number drive major reality.","2006-12-01 05:07:14","95"
"28","474","31","3","Eight mind prove education pull decade father young image.","1973-07-22 20:23:32","56"
"29","582","51","2","Bring interview same camera weight bill bar artist onto.","1999-06-26 21:20:55","56"
"30","2703","85","3","Think also mouth large source there thing no form.","2015-08-04 04:40:32","96"
"31","39","45","5","Central black voice check yard ground join subject may I cut final see.","1985-08-22 10:38:07","13"
"32","1539","113","4","Rather sense politics join region throughout wonder size would mean purpose.","1983-06-26 14:59:06","51"
"33","1030","137","1","Cost whether take decision fine scientist beyond ask mission suggest real base stay.","1980-08-29 02:46:11","32"
"34","2176","74","2","Fight scene poor side modern tax sort soldier personal to against go sister.","1987-03-31 07:59:15","96"
"35","3815","171","2","Learn item board century star owner.","1993-06-27 00:31:25","65"
"36","780","178","1","Interest firm house rise character forward.","2009-07-24 21:19:50","70"
"37","2790","117","4","Accept all action less sea reach sing daughter agreement themselves expert under relate out.","2023-10-16 10:19:55","71"
"38","20","141","4","Approach customer customer resource Mr both.","2012-07-09 03:03:05","59"
"39","748","75","3","Attack likely suddenly nearly big add hope eat.","1994-07-12 12:07:21","38"
"40","3302","43","1","Economic main after kitchen throw letter past activity result send.","2002-04-20 16:58:30","63"
"41","787","62","3","Huge who feel country young sport he.","2006-04-19 04:16:14","60"
"42","3646","50","1","Management question cost give energy begin policy back husband prepare bring always red.","1973-08-20 15:54:32","24"
"43","1454","145","4","Speak body economic build send hot market budget.","1986-09-05 08:36:04","21"
"44","2537","143","2","Ok reality meeting strategy including future example break source shoulder project be.","1999-10-24 04:59:30","19"
"45","860","169","5","Bag wear seem bank general girl factor.","2016-07-30 12:11:05","58"
"46","1303","3","5","Lose would human strong thank authority thus pass support actually this shake certainly forget.","2002-05-23 22:14:57","89"
"47","1257","83","3","Hot Republican available establish off require story answer these radio party response three.","1996-11-09 03:05:52","56"
"48","3749","176","4","Model information product concern court speak clear begin various candidate institution beautiful.","1997-07-14 14:31:09","84"
"49","1678","92","1","Daughter however control movie once minute provide student.","1991-06-26 22:46:11","65"
"50","3647","40","4","Same check tend analysis establish western yeah.","2019-06-21 05:43:07","89"
"51","781","67","1","Reason appear bag some environmental without painting consumer guess himself.","2001-10-15 21:57:12","87"
"52","3274","11","5","Health election natural air skin bring week soon he need.","1995-12-17 08:19:56","15"
"53","3204","5","3","Financial view stuff social remain account.","1982-01-10 06:22:25","2"
"54","3774","105","3","Student admit cause them far indicate improve whom point morning production everything.","2002-11-15 12:28:42","27"
"55","1475","145","1","Down degree old discussion task can little.","2022-11-21 00:03:16","19"
"56","3197","0","3","Career rest hospital oil affect space majority seven defense.","2022-08-01 21:26:19","56"
"57","1131","35","4","Them recognize make challenge financial face.","2006-12-16 05:56:10","21"
"58","1185","158","2","News authority yet company attention per can machine believe writer black just own.","2017-08-08 02:42:31","93"
"59","2630","53","1","Instead receive pick admit there than society blue.","1996-02-19 17:06:00","87"
"60","945","58","3","Daughter read whether food western pressure information office performance somebody thank.","1998-03-22 04:33:21","50"
"61","3340","142","3","Generation hundred without state author event watch price think drug skin.","2020-12-18 18:32:11","94"
"62","524","94","3","Something must how data defense will weight weight career.","2017-05-16 10:42:23","78"
"63","373","101","2","Boy song final why little sing life.","1971-01-24 01:01:53","42"
"64","2280","102","3","Red allow water thousand page effort measure art view send blue yard draw.","1984-05-09 21:03:49","26"
"65","3720","139","5","Role before mention rather thought middle clearly fight now care reality.","1991-12-29 00:00:57","43"
"66","1162","163","5","Card fast key own better will every let time attention understand discussion.","2016-09-28 20:06:12","53"
"67","3892","168","5","Could ask still thousand site else.","1977-05-01 05:04:03","27"
"68","1257","7","2","Or recently debate property knowledge executive provide theory central special.","1973-07-24 02:07:56","100"
"69","1367","71","4","Gun apply heavy fast trade painting down each even hold whatever speech lawyer.","2007-12-20 01:41:33","68"
"70","633","108","3","Whatever war quite baby pretty value step at crime.","1998-05-02 20:09:33","77"
"71","2199","118","1","Suggest space manager over state your if imagine.","2005-11-23 14:17:33","47"
"72","2386","61","1","Way whom seven strategy upon somebody fine character meet.","1991-12-31 15:40:35","9"
"73","1361","136","5","Five tend health near easy level arm reduce campaign.","2023-04-19 10:33:01","77"
"74","1051","14","2","Before because say care lead protect lawyer daughter degree.","2001-03-14 22:15:47","36"
"75","3699","142","3","About process bill pick right management.","2018-05-14 05:35:24","98"
"76","1064","179","4","Run space door just sort can.","1996-10-12 00:21:37","95"
"77","3892","86","5","Whole he yourself future past though bring suffer too summer.","1980-09-17 20:44:10","34"
"78","1567","28","2","Arm do everybody avoid knowledge talk mean.","1996-01-03 02:00:05","62"
"79","2828","98","4","Wife decade air resource through when stuff instead capital idea.","1985-07-09 05:49:06","2"
"80","642","16","5","Speak less do base final policy find or technology tonight near.","1983-05-31 22:52:57","67"
"81","1020","9","2","Sort interesting space view fish your dinner fish source able drive guess.","2021-12-15 01:37:07","8"
"82","187","161","2","Start where she career book arrive citizen old machine design you politics.","1978-07-16 18:55:53","88"
"83","1487","151","4","Fight recently loss fund player very song.","1979-12-11 19:48:43","96"
"84","2211","123","3","Option through service bring particular find through.","1986-11-21 18:58:26","50"
"85","3606","166","2","Find news total rule commercial something return.","2002-11-15 10:58:36","16"
"86","370","104","3","American mission low contain visit somebody top traditional society grow strong degree personal list.","1972-07-04 17:20:58","58"
"87","524","23","1","Media message how condition gas cell lot himself group card.","2002-09-03 11:24:01","92"
"88","3301","115","2","Beyond agree evidence best specific along fund adult stock wide start.","1985-01-18 15:18:18","0"
"89","1265","55","5","House left check poor movie for each help she.","2016-08-13 16:28:11","81"
"90","767","140","4","Eye much most available rule party.","1990-09-05 15:35:20","80"
"91","911","6","2","Attack answer Democrat list hot we.","2012-05-16 15:41:08","7"
"92","1585","104","4","Investment event to cut environment run fear.","1985-08-15 00:08:19","67"
"93","3826","155","4","Available campaign amount sit resource music son.","1983-01-20 21:45:33","81"
"94","1991","46","1","Father citizen lead teach during half sell above or present.","1999-11-29 18:07:03","96"
"95","695","125","5","Move tree particular scene protect system ask until writer very anyone receive.","1998-01-26 00:18:38","44"
"96","3786","183","1","Word class meet leave question commercial interview pull available quite visit put.","1973-03-10 02:29:52","67"
"97","1727","173","2","Level season explain consumer professor sense can such until.","2000-03-05 16:56:09","1"
"98","1108","128","4","Industry out wonder fight different parent.","2003-08-04 05:54:40","7"
"99","3240","47","2","Thousand throughout half true director range allow stand economy.","2008-01-14 15:51:31","96"
