"0","tamaramorrison@hotmail.com","pbkdf2:sha256:600000$16BuD62QxnxmzQDt$49e43f76bd395d24640b3abd3f4fd3e5097b8f6107250543c2a0848897a49665","Gary","Cross"
"1","woodtina@gmail.com","pbkdf2:sha256:600000$XOrAf8NtkRfQocLp$be0e34d6e67271854610c9f36c65cef22fe11f25f99d8aa42996cdd5e7c37e62","Denise","Thornton"
"2","rogersbrandon@yahoo.com","pbkdf2:sha256:600000$gNsq8WYHyXE5mxnT$fb3354b94d7322407e67f0cada3422d08b019ba24a7506972a3b54545bdaf367","Christina","Saunders"
"3","davidbanks@yahoo.com","pbkdf2:sha256:600000$msyfOL4FGU2WhSWb$68890e27229dea3af2db8c28dd189727cc18e49eb970917c92f162f5ef561910","Kathleen","Collins"
"4","samanthasims@yahoo.com","pbkdf2:sha256:600000$iKPfmbHu4eXlci4R$53c5a53a1be59a186b079d2f3742557ad296498ed9dd6e24466460513381ec17","Timothy","Parker"
"5","amyvelazquez@gmail.com","pbkdf2:sha256:600000$j8k80YhzvZApVnKN$48f3f80333ac273560972a5c0889f434a7a7e6acdcc5a69b68453852f9bdd0aa","Dr.","DDS"
"6","dpatrick@gmail.com","pbkdf2:sha256:600000$E9qlgdHe8BhkLsJu$f669849e24f5afa0f48c85250c12a2478b15e204bd42b3fcec4656d396fce424","John","Gibbs"
"7","huberrachel@gmail.com","pbkdf2:sha256:600000$lqczJlQyxb3kPl3g$4038a1200efc5aeed8423210dd71660583f52e3ad95d8b41d11f2cc1bf67135d","Julie","Chen"
"8","karicarter@yahoo.com","pbkdf2:sha256:600000$j5RddqhmRAm2nd0m$fac833e046903a52ba8e48e54463cdb06cc0ebf804a2b96fa25f68d565e13948","Ashley","Cooper"
"9","bramirez@gmail.com","pbkdf2:sha256:600000$eRNM9wBvsXebiBSg$277309d32223e703849b2a1c303c9ccecdf964e41b8cb4861a4f637365aa1469","Christina","Smith"
"10","mcdanielchristopher@hotmail.com","pbkdf2:sha256:600000$oNXPyT4kFKRsXY9r$156ef3476dc7dda91a01d98db7b3137aab3be59328f9405f83bf1e418ef78aec","Leslie","Taylor"
"11","fcarpenter@yahoo.com","pbkdf2:sha256:600000$WsQAkq8qq8luFu4F$6d61619a41dc7907f1f81d686d31bed6c67da896b0b140900fc6d34ee21ca097","Amanda","Schultz"
"12","nhenson@yahoo.com","pbkdf2:sha256:600000$mVvkDJYcfwMnyEDH$8985f42f42fa37deb19a8ddccd6cea462a7276af22f256443145754bafa4185b","Kristen","Smith"
"13","taylorjamie@yahoo.com","pbkdf2:sha256:600000$A3wJTPM5I1pufhQ7$00c3ef9f175f29055dd6705642669d7f216d60b6e92064469283fe2fa42e0363","Mitchell","Payne"
"14","areyes@yahoo.com","pbkdf2:sha256:600000$JNvPCsudtQAe3R6e$f92301a43108ef7d0717a387375e8d151964413d61cdbdff13ecae177e6d742f","Katherine","Brown"
"15","zmorgan@yahoo.com","pbkdf2:sha256:600000$qDeGjS5XfMTUAYui$a0d64701d2ac06bc1c7a9cf7538ef9a0560780447ae45cef6315792fc21f5e4f","Jessica","Hancock"
"16","rfischer@yahoo.com","pbkdf2:sha256:600000$Zc8BIHwg2y6XY6Gk$ac555d67c27a241bdfae00d0c4f1d26cafc4b3ac5c46d1266edd05aa70be04a0","Gloria","Smith"
"17","vasquezkathryn@gmail.com","pbkdf2:sha256:600000$kZlQaqg1W1SbsP11$a39ded6462b8b5c2e15f1ea3166dead090a26d2796755f974581555b7fa7f646","Miguel","Shields"
"18","kimberly87@gmail.com","pbkdf2:sha256:600000$U4qDk1goXT7aMHof$c752ca6171e8c00378807d4b56cdfa05d0f235808a427a9c1dbc18cb21afdb0c","Kyle","Powell"
"19","wbrown@hotmail.com","pbkdf2:sha256:600000$tvkMr28WP6yTdrzj$23071b5dd3e8ef1a9a1a24783c1ceb85d04de3f1dc178d8ea35315f1ddcbb7fd","William","Hensley"
"20","pwilliams@hotmail.com","pbkdf2:sha256:600000$QKyY0TWcFUE2ca4M$3d63a3a6f08501577d43ca591ef0f2d405953a7959d55fd1d570f3a47ba6a264","Brett","Donaldson"
"21","houstonwhitney@hotmail.com","pbkdf2:sha256:600000$INoWeHpqO3h59MTt$d9a8b427ac57f5d5d6d2638cc49e2d3519db95c15e903b22f5b11836777ba9c2","Thomas","Cook"
"22","pford@hotmail.com","pbkdf2:sha256:600000$E92m9eCH1AJFS6m4$6460b66edf7b8a123c1eedbc6e1bff023469e71ad40103e529fa479029b837b5","Tina","Thompson"
"23","elizabeth32@hotmail.com","pbkdf2:sha256:600000$LLCJdYrfOcjztRwd$b916df5a71599df9d7ac8ed6160a70598cfac46c466683a9b70a6ea5c7061333","Lauren","Walters"
"24","nancy51@hotmail.com","pbkdf2:sha256:600000$AGHaYern0Bu5Zxgh$a291fb30d2886b88d44643dec371a251777147ac01f0a4cd7daec5b44c0c1486","Troy","Hawkins"
"25","danielrobles@yahoo.com","pbkdf2:sha256:600000$nMJ8ZYxPykdgqB21$bd98957b5dbcef5261083c6dba1d7bcf1fc6714cb99ffe08e0e8f04ca238c80a","William","Bray"
"26","griffinpamela@hotmail.com","pbkdf2:sha256:600000$C1kwr94OBcjWTQ69$101e2e11a6015ffc03df74efa82b2c80fe0a62f88c5b04b2e372445ce17b943c","Melissa","Wells"
"27","qmyers@yahoo.com","pbkdf2:sha256:600000$zITnzNPmLZ18f121$f0b37e69e31f2a601c336a0b52202a553f20aead08e5c2bee34f984e20f1202b","Amy","Sanchez"
"28","jeremy94@gmail.com","pbkdf2:sha256:600000$Y66qVsamg2nKMi73$57dfa8ea560c123698cd80c6297ef52450180736e4f8a8352c7ceee562e4a930","Joshua","Jones"
"29","wendysteele@gmail.com","pbkdf2:sha256:600000$nuDw7uAaq59qDfnx$5707af9f1043f1bbf0622a9b0a1f2b18ef04670eb31d163d6a08e6791b1c1754","Zachary","Garcia"
"30","hartmanrobert@hotmail.com","pbkdf2:sha256:600000$X8GEYjGCr81tzlgB$39c54acca2447bab0928d52c2ec517a0b3e8c445e5c6f08a4c16c1e756cdc430","Kim","Ortiz"
"31","martinezchristopher@gmail.com","pbkdf2:sha256:600000$pHcd2iwgil3TXfZP$8d106325036c92fbc001ad419632ec6c0abe878365daf34dd07c51c83ab249cc","Kristin","Ibarra"
"32","qstark@yahoo.com","pbkdf2:sha256:600000$JF0E0FF2tAF3kN3Q$4bf2ad862737149770550ef611065644141de92efb311eddde2f12fa50a4dcb5","Eric","Taylor"
"33","waynebarnes@yahoo.com","pbkdf2:sha256:600000$DWm3CTPSHxx3wxLv$939cf7931e27a04411f281d9bee1e109f03218eadebea0233319abbc5d9b3b1e","Daniel","Mccall"
"34","vschneider@gmail.com","pbkdf2:sha256:600000$lRP3h3vJYJc8fzwI$aedb3aef4fc5108474b9554352f7a48879ef73686278d11db60e7b2f4d7e20c1","Brian","Kelly"
"35","ostone@gmail.com","pbkdf2:sha256:600000$z3vMqWs0VMHQN9tz$c2806d1625301cbe728fefeebc0f64d74ac97b6961ed3ff1c26c2cd6aff7eaff","Abigail","Hoover"
"36","blewis@hotmail.com","pbkdf2:sha256:600000$ks2AysBqyqTE1x95$b946dc693b41acbb654e353291ecd96a056d3b6ebae3566fb44cb97ec1f0c140","Ashley","Williams"
"37","hbrown@gmail.com","pbkdf2:sha256:600000$rVIrQl4NY2W1HPve$026d0715e4e31ba8cbbac78760ebea3481973bcc84d261d7f7e59d3442a56bc1","Edward","Hill"
"38","joylowe@yahoo.com","pbkdf2:sha256:600000$rSslwK3QLXlaN6gY$1c8577676529ccd8df6ed8ceb8c4427f7aff2df17b773d5fdacd1bcfd781ef44","Chad","Bridges"
"39","sandygarcia@gmail.com","pbkdf2:sha256:600000$7AspLMQMRbUfHvCz$f65b388a6b7c3459589aace2ea6aa1c75affb3c7dc9cde6315dfa7bac972e0d1","Dalton","Fritz"
"40","nbaker@gmail.com","pbkdf2:sha256:600000$aVgwNMuCob7nTZZq$e8dc95ef8e47ed3195a2fb6c5b96ea9e9305de33a8a5996d51a9431963b29f48","Erica","Vega"
"41","jenniferbaldwin@hotmail.com","pbkdf2:sha256:600000$ButBwj5goMzYDRz3$0b9bf522462959369fc0c4b55978f019024c47afd666fb5a5770ad815a2b374b","Dawn","Russell"
"42","codyherring@hotmail.com","pbkdf2:sha256:600000$zRz4XzcutssUopUw$a3571fa2129d14c3e7eef23eb0ef5efb0d8b226166db77334bd12805cca400a8","Erica","Le"
"43","tgilmore@yahoo.com","pbkdf2:sha256:600000$KhLug3Z65FGGYQ9R$6c6eb56df5a35e0e7f171d4987b57c19e78869a2bd5f9fb987d829dc9836e099","Kenneth","Castro"
"44","justinbonilla@hotmail.com","pbkdf2:sha256:600000$wA7KNgNnHIdBVYUI$c40039fb12f4ff452e8a7fa1588e0824f82a4bfd278b96a1efa435f834eb37e9","Daniel","Patterson"
"45","webereric@hotmail.com","pbkdf2:sha256:600000$0vGoIcnN9Zqa2Ent$987ec6c3daf4c2286430c54c03549c96530f9ed3d5f78bdd559e087ad3090ee5","Douglas","Yates"
"46","denisetaylor@gmail.com","pbkdf2:sha256:600000$H3FcXPku8TUdFfk8$0605ab4696d482c8e3e27441186d8126c8e125f7327a779c6748a31d6aaf5ca3","David","Steele"
"47","jyoung@gmail.com","pbkdf2:sha256:600000$JoMDvkWXZcZqXpQ0$1b0c498e131b96c4227a2eb693997be61a06af3215790e169358bedf9c72f096","Christopher","Green"
"48","upeters@hotmail.com","pbkdf2:sha256:600000$zhhUIKWIqD8LtH2E$aa7205aaac27f8db7947a7cdaf40de969e87d26afd4389e11c02e8924539f462","Maria","Valentine"
"49","torreskyle@hotmail.com","pbkdf2:sha256:600000$O3Arh1s1H6hABRnB$1455ee8ed76ceca3543fd451203f24cea91ac6492ca9729c704abe4ef6ab60a6","Beverly","Taylor"
"50","christopher91@gmail.com","pbkdf2:sha256:600000$l0YU3295tX302lPS$17f9fba29bcd6dacf6c2090ded38916c6d9bfe5f8e09b10246e02d7240a60af4","Kristin","Alvarez"
"51","yolandabraun@gmail.com","pbkdf2:sha256:600000$gZYi5zhZyxNwpuyu$04ad19af96f0b0660d8ce5b8282032d5e37d36d2d180aad5641cc248309cd833","Scott","Lawrence"
"52","olsonjohn@gmail.com","pbkdf2:sha256:600000$ykjAI0LX8at7L4UE$6a5f17d1bddb50ebf3704e4d6a778910f44b76e976859c5f83d3c3aacaf81f49","Perry","Jr."
"53","erin71@yahoo.com","pbkdf2:sha256:600000$2W0FfZwzgQzK5RfB$6e282bb7731c82a45a219b43e6ba0e06d0b3169030d2ab461e227880f2be0bbc","David","Rivera"
"54","kelly22@hotmail.com","pbkdf2:sha256:600000$hU8KcJli2Ih5OWf4$57f1a50a7effaf759f710fddc751dfe9572a17cb9f837ea3de77202c14328f18","Shannon","Rivera"
"55","beverlysmith@yahoo.com","pbkdf2:sha256:600000$Issh6fGN6A6Oh1ve$6c9d9a3ad65f89071e61b4adc389c143cda85089bd2048be292802ae2902912d","Katherine","Smith"
"56","ktucker@hotmail.com","pbkdf2:sha256:600000$9jzQtGBp5R9CYWrs$cf4893ab5c763358c4dff3bf825594d53079b81858e39ea53a962901f45703f9","Elaine","Morris"
"57","gordon43@hotmail.com","pbkdf2:sha256:600000$47Sf2wAW2tCct6BN$d9032583f959ddbcd5bde61340349d0335598a89892e983aa03535a4a7377b0f","Wayne","Reed"
"58","kennethwashington@gmail.com","pbkdf2:sha256:600000$J96PYQGjRq22hKuf$ce4f0519c3c23e09dd7a56b354fc6b43059968bdd2ae6dc5c7615193b140b204","Jennifer","Marsh"
"59","zharris@hotmail.com","pbkdf2:sha256:600000$fcSYDQNDi8v1TKze$2572b17982bd35194d1f73cf44dff8b0672bc7d6fe4e28187084022576831999","Richard","Haynes"
"60","davidlewis@gmail.com","pbkdf2:sha256:600000$YNdLL2y1ONyzdiVS$e9eb94fad2cbe0415182ab88df1d7637c22a43f465f231934f4842e0fc788e13","Sean","Jackson"
"61","joshuakent@yahoo.com","pbkdf2:sha256:600000$n5hf0YNVRTjfIKcQ$5ad0afb54e8e87df270967552ac250db459e38e807ee541faefa35681888c5b2","Billy","Graham"
"62","tammy10@yahoo.com","pbkdf2:sha256:600000$z0TQZ2THNkEiImPK$986d12a5c01337fc40135975667b2adde5ea38ee298cb48fe2007d2abccd2963","Christopher","Mitchell"
"63","christianhernandez@gmail.com","pbkdf2:sha256:600000$XIkLidWJ5YZYiQV0$e307e56f391b2205f325b8440bef62665874e8afacbd0c51f5b3eb299feac794","Jeffrey","Griffin"
"64","randallwendy@yahoo.com","pbkdf2:sha256:600000$JWjzENZYhxcZoT5D$305d6dcd1ab964f30c8f4ae26546476d5ffca4954c2093738d061441814e4dc2","Chase","Foley"
"65","heathercrawford@yahoo.com","pbkdf2:sha256:600000$nMuYCG1y4y0y67s1$5032b5238f525454d39d316adaa8d770c27c2de5db705f94fcf65e32bc6eca32","Matthew","Cisneros"
"66","pauldiaz@gmail.com","pbkdf2:sha256:600000$EXHiIf88dM6vvsKT$481fe38f3cd13fe3e56e2a9a4f241ada12a0e23a569ab8d9cc50c1b6fd5c2864","Tyler","Pace"
"67","victorlewis@gmail.com","pbkdf2:sha256:600000$DqpvRkk5TrWRxgnA$c90c8edc10ecfcca688aee9535b363b161707ae0ec5e3a7f4bbae17f4f22baee","Matthew","Beltran"
"68","armstrongcolleen@gmail.com","pbkdf2:sha256:600000$er54mSElUbGKB1MY$b5783dd372f6c44fcac1ef927fd8ed83b38d281af152708731c44226c8df0930","Sandra","Powell"
"69","mwade@hotmail.com","pbkdf2:sha256:600000$tZemR2FxH0epnBIW$75301328a248c296fb3c211da2eb4263df5a791c447d97bb6cba5cda396806f9","Matthew","Jones"
"70","kristinperry@yahoo.com","pbkdf2:sha256:600000$rf1dB1EsMW7Azgmp$abaf48aa12cce6748646006cd45704e44e2731d78f63333af894a2a009e52923","Jacob","Roy"
"71","cbrown@yahoo.com","pbkdf2:sha256:600000$kM0MIHfHkJDpQxOQ$82744b38fcbadaae0a9e5ff44e54bd925ff964e1a9e3fec6fd7487b95c7d6bdf","Shannon","Boyd"
"72","patricklopez@hotmail.com","pbkdf2:sha256:600000$jPWdxGZcAydXQS78$60c3272803b977989747120128501368eb04d3f30c6caef1fd8308358d7bb11a","Jessica","Wilson"
"73","osanders@gmail.com","pbkdf2:sha256:600000$co2ReaNshbsTG49s$4229ec043eac7ac029eb7ee7691dadd25d2088b5e0b73d8e77f68c01999b2152","Keith","Ramsey"
"74","sharon91@hotmail.com","pbkdf2:sha256:600000$K6QnnL1GST0xe6sw$e43bd25cec0bb6f6cc5b75b03c96d2c93f0616b30a32fc4168d84b82e7098859","Lori","Dominguez"
"75","privera@gmail.com","pbkdf2:sha256:600000$tUWL2wQ2OFLM2QzX$93cf167f5d61c41d1ccf7f58c0762634c539b9f888a248d2306d2bc15c2c2b83","Patricia","Pearson"
"76","brian64@yahoo.com","pbkdf2:sha256:600000$KlLGvxa83DS4jb6s$c70d0087f6baba70dd1e4da32e4d098103b003a927280bcbb8167beb4fe3be30","Alan","Pineda"
"77","diazfrank@yahoo.com","pbkdf2:sha256:600000$0t3woHiIMQ8RlfJR$ea523f6d512c7f25f7ab0c486270fb4ad2f647c6e72c40e74be1b282808aef79","Jamie","Clark"
"78","qferrell@hotmail.com","pbkdf2:sha256:600000$RJgAkxrRY1AotLW7$545a6d83bc8b360823ba661a74c062c5c5ec6728c3c7b0cea961fd3a7ddd9d16","Tracey","Bartlett"
"79","patrick19@yahoo.com","pbkdf2:sha256:600000$OqUxO8LWnpOz70g9$52b423b1b6b2d434b6be9da26bbe78d30f8769a92fe81e308abac4a0fb6b1d3c","John","Coleman"
"80","derek56@hotmail.com","pbkdf2:sha256:600000$puIOUhKOWognKwyQ$394cd201ab06c2ee5aa1c933cb1f9f358fedcfc7673a37ecc9a9c65310360687","Edward","Ochoa"
"81","jacob95@gmail.com","pbkdf2:sha256:600000$lYieooIABtvN0Sro$7cfd9b5ca561be1dd70ce1235233dc85d3344591f696a85d98754756b0ef883c","Sheri","Jennings"
"82","ppatel@gmail.com","pbkdf2:sha256:600000$Ge7erAPr8AmCjSYn$3bb477842afb6efb0be5014d945353cead1074e5e3092e5eb6baad2f7213d78a","Deanna","Holt"
"83","nicholasmorgan@hotmail.com","pbkdf2:sha256:600000$KArwDVUmkvmYZ5lX$b2d9d8e4355e337a14555d441c0855d9b9b668f02273a5bd3c66f12ec332e19c","Larry","Palmer"
"84","dwells@hotmail.com","pbkdf2:sha256:600000$oQIOE8vlUlVQ1RbO$1133ee7df0138fa7b099a28613f7223a2a3d989737c708c87f843d7b6c7a361f","Kristina","Higgins"
"85","amyporter@yahoo.com","pbkdf2:sha256:600000$tLzle1DMMe9VYmjA$69f347aebf742ec97a00d12887b99786494cb3f62d0324e7eb8601bc72be13c3","Shawn","Matthews"
"86","lindseylynch@hotmail.com","pbkdf2:sha256:600000$kPU0yk9GTDlgRDwI$5e44139f9b5daefe127fc3a99113725499984b0c8658d223ebc0f376a6d8d8d4","Leslie","Pugh"
"87","lcollins@gmail.com","pbkdf2:sha256:600000$12HS1Kj3Q9MFtcHA$5f126cc75a6814d557854d33dc1b9082e595ecf12a877b60f8a1ffb33b5914eb","James","Rodriguez"
"88","john71@hotmail.com","pbkdf2:sha256:600000$zjKucgDwWjIRYNK0$2c6817535d7b671ec0f83653fa73da39306316f923f4ac9ec8f61a60fac42061","George","Butler"
"89","deborah72@hotmail.com","pbkdf2:sha256:600000$flN7RFYJeysRr1fm$37d863fae7f456ccad354862e69bf40c23802258fff15fd4943a803df464e96e","Shawn","Gregory"
"90","irwinwyatt@gmail.com","pbkdf2:sha256:600000$6n2RcJnPzshMN6Rt$1c076d118c3cb58ef996d410139c2593d749f8105d35c497b277e6a8ea0c8545","David","DDS"
"91","pbrown@yahoo.com","pbkdf2:sha256:600000$wEfK7OLptcbUXQhy$9979cd875b8fb666c57c664c4e2a4a1e288760d7870a34cdc0bd9c2b46204684","Mark","Chapman"
"92","elizabethyang@gmail.com","pbkdf2:sha256:600000$VxVWZ1ehkJQLSFU4$08994f983c496055d4f180f2a3136d8719de910955cc13d480e0b05c4e578313","Savannah","Miller"
"93","zwilson@hotmail.com","pbkdf2:sha256:600000$K5n5DOv4dnIpWp8B$39d9b92713c7f8053683048981dfa65a1a29970288908cc0836fa2d918322405","Matthew","Doyle"
"94","drakefrederick@hotmail.com","pbkdf2:sha256:600000$B0NJINH9c3dDXgKB$a06cebb45f985084f9c2e756f4000613a54c56461274d77d473b63e620ddb98e","Daniel","Carter"
"95","mforbes@yahoo.com","pbkdf2:sha256:600000$vD6WsmK6jTL0wmFv$04b2d23faba5587da49655ae448d19bf5ee62feb1a3e86018c0ea38ecb187f02","Donald","Ponce"
"96","hillshelley@gmail.com","pbkdf2:sha256:600000$GW43VC2yK0ZShgYz$b1a4d242e3e9869bee72b90d4bad1160bf947af2bd0888f63e5a27f66c190b05","Dr.","IV"
"97","brittanymendoza@gmail.com","pbkdf2:sha256:600000$fSEfANX2nYSWFXSU$e305a2d75a1333a724349a5807fa7ef690f03ef53780420a10eb7e8acf89f64c","Adrienne","Friedman"
"98","taylor42@yahoo.com","pbkdf2:sha256:600000$EXo1pK4yll0eYpHR$ae43a47af08f858a02453083c9d20931d88c5e7b917b1cedb0d74c2c12b8def6","Justin","Adams"
"99","jacksonlori@gmail.com","pbkdf2:sha256:600000$MtZOr3m7zuZqOn4a$aca7fc4cb591dd61b51e976ff5bbba8ed67e66bc0d034bc64d2929a139891a36","Michelle","Welch"
"100","michelehicks@gmail.com","pbkdf2:sha256:600000$5O7rSzx0LIgSFIoR$0a4bf0bced57438958724617b2dd4163e2fd589187e417d14ee8e284d480fb7e","Laura","Johnson"
"101","robertsmakayla@gmail.com","pbkdf2:sha256:600000$tu8cGlEyhNET5FNa$823b29552f048955cf96a8df2560c884475d8a53040696d933b37719bd9df668","Benjamin","Ayers"
"102","briannarojas@gmail.com","pbkdf2:sha256:600000$ocwNXvrHObOCfE0A$422bacbda8cdf47fce7ad1165159ba747387aef664f88ea9c5f30eb1d663422a","John","Sawyer"
"103","bradleysmith@gmail.com","pbkdf2:sha256:600000$oM3cEqWqPVbkrP1x$4ddeb9cc8efa3a7b4d1d5c6613508321e0d19f24d13a3b1c72f913535e5c5e92","Dr.","Jr."
"104","davidnguyen@gmail.com","pbkdf2:sha256:600000$jBIdsYqzqWjmtC1r$864817d99d9e8b643c963d48c40a0a2d1585ba5f40424fb37462f522504a7fdc","Hailey","Beltran"
"105","caitlinhodges@hotmail.com","pbkdf2:sha256:600000$D6nK6S2dZv6MFbMh$d11dbbc6ede97b74d2a10f919c8431f99a6491794fc7f59ece76c974f96d8a6d","Denise","Poole"
"106","rodriguezthomas@yahoo.com","pbkdf2:sha256:600000$tYm3LkOC3R6S7n1T$3f2af924f42401c864b17ba200b0c7141ac63b637c9b56137cc63a1fc8779291","Gary","Martinez"
"107","david98@gmail.com","pbkdf2:sha256:600000$oJul0x7kheBHaaFu$c90c7e54d07cbaeb77f2427395317da105fa740a3788d439a54be876c8d3f765","Kevin","Clarke"
"108","jwells@hotmail.com","pbkdf2:sha256:600000$3tPjzvr7tAl4OmIc$c1ae56f5f6c8d344f399fd48eaf77623026be38aef396dc8cda559ea2a75ba38","John","Moyer"
"109","erika51@yahoo.com","pbkdf2:sha256:600000$3sMv88BlZKqV3a8S$e0fdcbf0a925b06ea6180f15609cbbb91c1ff728e5c002d5f3f2e7589199eb0e","Sherri","Perkins"
"110","wrubio@gmail.com","pbkdf2:sha256:600000$LTr0yaw56GNF2n6M$fbfb5acad6a816e212d17bfd1d75f2541f5e4937268e80c172007684f49e58bb","Mary","Cooper"
"111","hillmegan@gmail.com","pbkdf2:sha256:600000$qJ2N6cmQuOLHk2mV$36af7c6140eb18cea095276ca1df154a2096605cc722ca12b2772ccc17ba49ca","Mark","Dalton"
"112","goodwinamy@gmail.com","pbkdf2:sha256:600000$5OIYNt96wt83bKQF$78fc3a6a2bf31b9ebe918faf1673711a8dfd30b5018934270396ca986de2d93d","Kayla","Hicks"
"113","abenson@hotmail.com","pbkdf2:sha256:600000$pfLZ6Td2tfjz4E0X$37f805b3905ffe7b9ab0e0df73f2bb53aa3979bd8aa5edd8a99cb5fd2c66a46f","Rebecca","Brown"
"114","jcarter@hotmail.com","pbkdf2:sha256:600000$GSh7TH1xQ5No5VcA$160c63aacf49a11c0cb1bf0d8bbd54553a36b9eb353b54a2603aeb1730b19f1c","Kathleen","Hart"
"115","theresa27@hotmail.com","pbkdf2:sha256:600000$CMdPoDKO6RiCsJNb$0ee90a9d2f0867f00e9867ff740a7049e8078969c07fc4f3559943a4412081c7","Nathan","Perez"
"116","lmyers@yahoo.com","pbkdf2:sha256:600000$6vv8ouznNSEdGCN5$45dab725490c6ba0b169560dc8c8bc7adb14e4cc24f271d60252f3b42398531a","Krista","Allen"
"117","howardgregory@yahoo.com","pbkdf2:sha256:600000$PqXTohBSG5hgETLm$c1629e6df900e3afe409e94686cf0eb66b6b68e5a28ac8064e868bca1c0771ab","Robert","Morris"
"118","christopher13@hotmail.com","pbkdf2:sha256:600000$HfKDrSW4EWnmvgl7$1a1ece2bb0d1448089c47ffce7815e85448ce5642088dce4554615d54e9f70a3","Joseph","Smith"
"119","yjones@hotmail.com","pbkdf2:sha256:600000$MabFgFW1xkYIViPh$6090f6a2111dbf826cac649fb1885724417c6407634e3eee6f084a93e51b6d48","Mark","Mendoza"
"120","mschaefer@gmail.com","pbkdf2:sha256:600000$Rgp8bpIdjGA9N6kw$deb048d122a7d632a78da9a1ff26ff7c8b810f6a1ba93a250c4d014c61f0f351","Daniel","Howell"
"121","qmiranda@hotmail.com","pbkdf2:sha256:600000$ev8MkavbSn2jKOAd$a2c40da7c7cca3d71efb803b5aff8689a54601551cd314bd35374f6df7aae21f","Nancy","Parsons"
"122","buchanankatelyn@gmail.com","pbkdf2:sha256:600000$zufslhsYwh9vYOdj$ad5dd71f0d6c2453ba36682b74b74f21a84d181fb5d8805d9a6e608cf0486ad5","Keith","Hendrix"
"123","cgarcia@yahoo.com","pbkdf2:sha256:600000$pWO61NILLQdZZ5JT$df4fb9d3a3195af278e0b9c7853e5b54eeb60b37313549624007ff9bf4bcf7f7","Evan","Barron"
"124","phicks@yahoo.com","pbkdf2:sha256:600000$YO2kVQl2V4LTiZXz$bf0e21390437abb11f107bf6170286d66211eee39846cb79e8c6fa305ce12a4b","Raven","Martin"
"125","rwebb@gmail.com","pbkdf2:sha256:600000$NpdCVnkkecbvmwFi$138a1ea05375e033c7dd8e92d02e6539e4b36a7c29636c8caaf80b952d88c55d","Patricia","Wright"
"126","jaclyn81@hotmail.com","pbkdf2:sha256:600000$nArS3uhc6mRTxNg2$6f2fcb7fbd7d8176859403b8a08ff358a3b234f68c97fff6806cef8eb3f4cc25","Carolyn","Coleman"
"127","robinclark@yahoo.com","pbkdf2:sha256:600000$3CCteUKCzDAAPz00$6b731c386c5d03de0b3acf9610975a2240df5908a2387af3d68abec09785b435","James","Stark"
"128","mcclurelouis@hotmail.com","pbkdf2:sha256:600000$FUNrA0Fv28ox7po1$29b8c7d6802b64f3a5339250fe9a04b021bbe452f680f06856bd136dce472e5d","Melissa","Edwards"
"129","boydabigail@yahoo.com","pbkdf2:sha256:600000$vj8FFq63ggCklskB$d9eff922d4e21914ac47f7aa9ba13ba0dd43b297032142adb7553c6e5157b705","Shannon","Rose"
"130","andrew62@hotmail.com","pbkdf2:sha256:600000$c2GM11i5NJMYjzix$580f686dcb0547dfae90b2c2dcefaf311da0e8dc2cd2056449f376ee4a3980e2","Holly","David"
"131","michaelharmon@hotmail.com","pbkdf2:sha256:600000$j77p1AkWZaFAOU88$75a6e8b88a586bd3b57d791fab1c308e305589da3b2d03beef19d00f1913f02f","Nancy","Castro"
"132","carlcamacho@gmail.com","pbkdf2:sha256:600000$6b9QExagXbk5mCe2$7a95ccbc5d28b6c1b59d40d5d08047871b8bf6bedfdb055e20ec92937127bb0f","Brandon","Hood"
"133","makayla28@gmail.com","pbkdf2:sha256:600000$lYhHc4i0hx429neZ$f1c2f987fea07aae3072dc372181d25e2a612538de5ba1fe6cd6548e5adf37ff","Linda","Wilson"
"134","longaaron@gmail.com","pbkdf2:sha256:600000$cZGcoZc43HUx3PoS$a7566aa9fec293ef879235d70925fbd251aa49278baa7977e5ae136d559920d9","Stephanie","Flores"
"135","ecarlson@hotmail.com","pbkdf2:sha256:600000$Rv0hC4nl3YHLzYvO$c5372d8445ea41cf73a1b67a2720872075cddc1db750bc767e47ade3c570012d","Robert","Brown"
"136","amygrant@hotmail.com","pbkdf2:sha256:600000$OkpETW4fjpnHCeNY$c9231fd4241046b5777c7a63bef54d6d6fa578d367375d5a0bc5f51f0ad196e5","Andrea","Jones"
"137","wbowman@hotmail.com","pbkdf2:sha256:600000$QTBgnW4rD6qPy6XM$55e5af1b54f6face5c64c43004997db101e00bff06fc59c8c173198fd4cf374c","Erin","Sims"
"138","megan26@hotmail.com","pbkdf2:sha256:600000$d9iFU3Uga0bCr0Jk$59ba2102876c3f1e974000d018d548e7342cd366ecec63a968d98e27ad73f1de","Michael","Cannon"
"139","brittany63@gmail.com","pbkdf2:sha256:600000$E9xveMmrWNv5LNf0$d5127238846e75c0a3e39d1fa2034058903c50a1c6e7aaa431633b6fa9113d81","Jennifer","Williams"
"140","jenkinsamanda@hotmail.com","pbkdf2:sha256:600000$p8ZYWLLRKViXzvDG$e3bd5fa5e951cbe8ad40b7c73bb0ba10e6cba885c0a458ddeba33bc0a4752441","Dylan","Williamson"
"141","bthomas@yahoo.com","pbkdf2:sha256:600000$TbCTIInzjryIunWi$083c13f728274e9dda69a332699ad17469790139590fbee6dc9d27e5f7427bfa","Mark","Oconnor"
"142","anthonybush@gmail.com","pbkdf2:sha256:600000$cp5Tp3kVv8BIyu6X$99bcfee4543d2304c19e042b2a605f9c7edb8b79acbcc34c17fc10929e32fdd6","Susan","Pearson"
"143","wilkinsonmark@hotmail.com","pbkdf2:sha256:600000$NWdg6eGBYtcMzdBO$08f36d39a71cd1305f526984d1634a78caf0f702b2863a1b1816da6553af92b9","Allison","Bridges"
"144","hickmantina@gmail.com","pbkdf2:sha256:600000$xkR1tSSbYyhKuD2g$e056b7d3b3dc83feb3dc13fba36eeeda2be3d770cd619d1fd0f6decf468a54c5","Andre","Brown"
"145","jturner@yahoo.com","pbkdf2:sha256:600000$fORy8dkPgyVNS4Sy$175702b092fca889909c3d7026a19207aa12ce1101046f7d148e15d9278396b3","Mitchell","Flores"
"146","jesus24@gmail.com","pbkdf2:sha256:600000$qm93L4L7PNOyCI3O$8211b71f6cb0315769550c02a0636587d87c1acc44df4bd3ab6c36b9deca242a","Michelle","Stewart"
"147","caldwellamanda@yahoo.com","pbkdf2:sha256:600000$LbEtKxKkm7vu1dbG$60fb89a69072ab896c8e555cbd676382123b27962f2758f91da42a54c67511ca","Robert","Jones"
"148","choiryan@yahoo.com","pbkdf2:sha256:600000$G9DOsE1LR3qqA007$e3294b7665fb164769b2238d4230a0095113543c598f9f68fa8715f68e81a0ca","Brittney","Robles"
"149","gwilliams@hotmail.com","pbkdf2:sha256:600000$5glY1HGANC6S87Kg$1f0897e58c4955a2ebf1590946cc72c3188d1108013801957edfb7c1c31a6194","James","Brewer"
"150","heidi31@gmail.com","pbkdf2:sha256:600000$4Agu9hcoCabxR2Zq$e617d416649e08fadf876903cc81a1727b376faab77b0b0480b68a49d1f32741","Erin","Long"
"151","carsondustin@yahoo.com","pbkdf2:sha256:600000$HGH7EsHa54DAubPV$5f3810c5b096f417f4367ddcd480b5793ce19682fde42596d520581295e1bd97","Jonathan","Ponce"
"152","jennifer01@hotmail.com","pbkdf2:sha256:600000$J71uQPALIBnZHUDS$ce1c518f5920516255e57a095dd0c2c5ce9cc1753df7e6891dd483112ceeaa09","Aaron","Stevenson"
"153","randycoleman@hotmail.com","pbkdf2:sha256:600000$1Max9BGqNOLNOS4O$4bc5b6c18dd0643af91ec0f60a8705cf5acfaa28441f882f4b98fd7588f1527d","Austin","Smith"
"154","wrightrobert@hotmail.com","pbkdf2:sha256:600000$y6xplpM2hKdrbrLr$22176edc68c0438e6e03144ba11192970cb2310ff1f4c42070e813a964660421","Bobby","Berry"
"155","hthompson@gmail.com","pbkdf2:sha256:600000$kGdf7h2My8cKYu7b$aa9cb9f35890e62f30098f33c72aca1ba9cfbacdf05092a9a86f345e32d17317","Logan","Clarke"
"156","sandracallahan@yahoo.com","pbkdf2:sha256:600000$9M9y5pOBp4m28q0X$9acfa353865047bece4cf6b96889f647a87d5b74070789d48e6a2d4f410cf97e","Jonathon","Bell"
"157","ustevens@yahoo.com","pbkdf2:sha256:600000$7buZdeqinzlF3LTE$c612bc363f34c87d2b22501b4b3eec2e4bba1d358d592d79f34fe05522422caf","Timothy","King"
"158","joeljackson@yahoo.com","pbkdf2:sha256:600000$9z86b86swifDgHdU$1d97bb1b7077f3734b223d7a6f5ba5d64062e25f386079b04310af0001495a65","Courtney","Miller"
"159","masseyjessica@yahoo.com","pbkdf2:sha256:600000$8GG7cazWzA36tG10$d3ffc527ee9d79312c6471acca5b3973b33dc1bbf9bab7d21926268d4525cf5e","Jessica","Dawson"
"160","janice37@hotmail.com","pbkdf2:sha256:600000$MwnytAYCoG1ixjxL$d94372efe380127b5f0a740b84b64bc738a90c3458aeb82479fad56d6da6f681","Carrie","Ryan"
"161","bakerroberta@gmail.com","pbkdf2:sha256:600000$Ae58J8zD4mY4icNZ$b63c7df4320adfb4c2b4a169ac01130733951fe7fbb2c813a64ea6e81a2f9d82","Matthew","Walsh"
"162","nsilva@hotmail.com","pbkdf2:sha256:600000$Xd92SplV6TVQQU86$a25043b61310c038277c23e0b011235d2b7dea3b853875ea402ec9c5aed77a28","Valerie","Hardy"
"163","smullins@hotmail.com","pbkdf2:sha256:600000$yxdSQtwlY309ttvb$55115cdb533104df12881d028d550648f607f54735c8c8307fe5e637cfc2e1c1","Danny","Cook"
"164","hhenderson@yahoo.com","pbkdf2:sha256:600000$cv3BuWkybHZ4lelS$a11655e34dd76135c4b7bf3ac96e788c75e40382c56e43bd945ecfc0340e966e","James","Beck"
"165","michaelferguson@gmail.com","pbkdf2:sha256:600000$wQzXx1P4BHxWbwZ8$44cedc9168e629fb4fdac55193d5f59a815940e53fd979f904b6edbe2cc00eac","Kimberly","Erickson"
"166","harrisbrent@yahoo.com","pbkdf2:sha256:600000$OdqzYKtWzokvw8qO$84f1d8b8f0cb6e52a4e881bc60593ab23150745b7cb7a66ab7cdf53f2f9fd113","Mrs.","Clark"
"167","klevine@gmail.com","pbkdf2:sha256:600000$S9OExjITNv8sTSI4$cd9019da76d9753f4966a20539c31833c5bf42a747628b379e3c7ae52e81440e","Laura","Cooper"
"168","ncharles@hotmail.com","pbkdf2:sha256:600000$ZgV2tcqzNHD5bLAh$fbc7c8fe9023995452dae7e3e59f65637dfae18311e2069263f82a489697ac39","Michael","Warren"
"169","carlsonnicholas@hotmail.com","pbkdf2:sha256:600000$ZEOJgcjrlxl2vSGf$e049c6b2d802e71ed0a0b653f1056060e8d7a74ab80e752a719064eb4a10b7e2","Dean","Bowen"
"170","swarren@yahoo.com","pbkdf2:sha256:600000$FuJygZcMUsbo3OM9$1105d680a52cfd7481fb10401c69a65320e0ef843e571094a072b50e045a7f09","Crystal","Brown"
"171","hallricardo@gmail.com","pbkdf2:sha256:600000$bsgZjsBM6AJsfq1y$791c34a0f5ee9aedfd9bf3dd1830a8ea9e9739551798d3f125fadf9cf2ff4b4e","Kenneth","Scott"
"172","warrenpaige@gmail.com","pbkdf2:sha256:600000$B3VOuPzhuZpRJKvU$c30fe01bac0e61719b1000d829c26f3c2d7426e2d4664ea07443a62390d5b830","Martin","Nguyen"
"173","gregory93@hotmail.com","pbkdf2:sha256:600000$HBVYfnvtpgSTHVWV$9bf9c243a7b2f8bfa8984040617c1886d3b230038c9d847465e83d65fb2ee7f1","Chelsea","Barber"
"174","allencynthia@hotmail.com","pbkdf2:sha256:600000$Fle4Q4OcTOHPRkVb$544d34a31d52d22030aeb280ea54853e1ec4cbd1ac4ac5dc391b0479966e9eaf","Wanda","Johnson"
"175","cory07@yahoo.com","pbkdf2:sha256:600000$YLauBr5uGndfJeSr$16c0f3a79e95e2b433cf59211132580752d4a5698846e1960a7187718769809c","Steven","Jackson"
"176","cabrerasteven@gmail.com","pbkdf2:sha256:600000$UMuHS7Rl5N4TXqrx$68faf83d0dcb669218a040de45ac34905a54746160ba6f84703157b28b20a1b9","Dawn","Powell"
"177","george85@yahoo.com","pbkdf2:sha256:600000$SOK5gkQZ2GS8T6R3$7104e28f140620e43b7b8a861c6777f0d97decd46719151fad0ceb0cc44ab244","Larry","Thompson"
"178","angela87@yahoo.com","pbkdf2:sha256:600000$s0s7Tv4BFLmzWb65$2a6783ceb6ae190af7510a1da00a12aef4dcf48edd886bbb14950dcd23329f50","Corey","Whitaker"
"179","mejiarodney@yahoo.com","pbkdf2:sha256:600000$3WXQJLneq2CrxbF1$d361286e8625c04364d2e0b0f3907fa20ccf6ce712ba7b72d2a07de0e1561bdd","Karen","Parker"
"180","haydenmark@yahoo.com","pbkdf2:sha256:600000$jb3Ptv8GgyZSyPi0$5068b423d43c917735179f11011441e3fe76f727ab9757a8c07abcf43fa87838","Melissa","Wright"
"181","owilliams@hotmail.com","pbkdf2:sha256:600000$Y6ZYTqThwuXlO8tm$4f34b18d809c742a6b6b6f1c7cd4bac4a3eee84f587219a15be6c41ec71aeda2","Samuel","Bernard"
"182","james21@yahoo.com","pbkdf2:sha256:600000$zJsqazKSRnzg2X1X$b2f3eb6648e2cd902218de78371763836dd2d8585d00b08b85fd3d6a4e531fe4","Jared","Hill"
"183","shannon24@gmail.com","pbkdf2:sha256:600000$YA4bKKjDFX9jkdQG$40005567e4f8cbc77a002e7b88702523cb5e7f6931cf509bf112b94d085003e7","Alicia","Liu"
"184","thomasgreen@hotmail.com","pbkdf2:sha256:600000$5bHRCSfGE3DKFqSK$184c656e4f1fc3b67fc3984723256e95161497cc84281c5a382c90468068e8bc","Jonathan","Jones"
"185","fisherbonnie@gmail.com","pbkdf2:sha256:600000$ctvj0k783LWH3R04$20939043e86e7e73dc622d6d919b8a9ca017cfeaee87778732e0f93680c28438","Ryan","Ryan"
"186","hartkelly@yahoo.com","pbkdf2:sha256:600000$LKgb4yEbNFG0h8Z0$9f4cba16ad53664213d4734ecd9638833eb65416ade0c9661151de14baf2f323","Jessica","Carroll"
"187","allenoscar@hotmail.com","pbkdf2:sha256:600000$3qipI44wVrCaoSH9$add9bb5d31f2d863ba1ddb55105f3c654a5d0755b6781a2c7367a02b981465cf","Sierra","Jones"
"188","yallen@hotmail.com","pbkdf2:sha256:600000$EQVohuXtuH3nmwkq$5b6733ea30875aa24aabf89ffcbb9c0cd15277a859fa26a77e3af06263e6b311","Jamie","Haney"
"189","bbryan@hotmail.com","pbkdf2:sha256:600000$kFDMwTBqGfn1V7LL$15f272ee99ed133458f73b97ebb480bc7109d0947615049efe6fe0db415102df","Dawn","Haynes"
"190","ashlee63@gmail.com","pbkdf2:sha256:600000$CvElbwFf67uaQUvP$1316d9f8f515b30c2b1e1aad466059e47221bfee18defa8eb63e726943dfad3f","Joseph","Reid"
"191","bennetttravis@gmail.com","pbkdf2:sha256:600000$GQ7aDSYQo2Gj3IqY$c061b9096fc31ac6333efecd42e624240f44f2c95cbbf16d24ccefd1bc60426b","Brian","Holland"
"192","nnovak@gmail.com","pbkdf2:sha256:600000$qAFCO4OslfSFkV2I$7d0aa9079c75f08caf75c63a50f548db6e29444f5dc17b4dc91e71fc5c869195","Michael","Jones"
"193","ericmontgomery@hotmail.com","pbkdf2:sha256:600000$XkzJu1eZJSfNwFxC$8ec9c9987032814e466328017cc882c06fdf54fa2c8f3d77e3408c4c0247e500","Elizabeth","DVM"
"194","richardprince@yahoo.com","pbkdf2:sha256:600000$EkOqvF1qL0JIA1jO$ed83dd8e4ad6d66a051bf28b565d74380d6f79d399a3bf2ee0c9a7542e63301d","Linda","Johnson"
"195","bonnie69@hotmail.com","pbkdf2:sha256:600000$k6VBMys8WtYWHPYz$7d6ac09087970d29875541c6069472845ceab4c46176a9a3fe92eca7e9c868b4","Jo","Johnson"
"196","joshua72@hotmail.com","pbkdf2:sha256:600000$Dwz3JxZl6gnuEgde$890d7830bd3e30910e9710bc6667c6044c1e6d005a2262d46e5918c246ed5042","Lisa","Ryan"
"197","charlesrichards@gmail.com","pbkdf2:sha256:600000$U8Y3mZuLKIxRUX3t$3cb59b0928a6b643bb203ca496779cf118c61c312e2d98f0eb56cc2c1538bd66","Robert","Anderson"
"198","briangomez@gmail.com","pbkdf2:sha256:600000$kUT8WDnSW8bUd7iF$9db42d5a21122e5f623f76d50c9ffd1586f7c3c3599a99825d9f904cc0fbcbac","Rebecca","Haynes"
"199","deleonpatricia@yahoo.com","pbkdf2:sha256:600000$H84AS6kZWdVjYbBQ$4008bac7f135aa16f4a6b6a26b1c75b526e047b33fdb0fc742c599bdc1de9e72","Dana","Morris"
