Order ID,Seller ID,Customer ID,Total Amount,Recipient Address,Order Status,Delivery Date
8732,102,2328,241.66,"392 Tiffany Lodge Apt. 857
West Johnstad, NV 08405",Pending,2021-12-12
6727,192,287,295.58,"Unit 7660 Box 8038
DPO AE 08982",Pending,2021-12-31
3742,31,3090,138.37,"27826 Villarreal Branch
Davilaberg, FL 53074",Cancelled,2023-07-23
7820,197,2849,28.3,"202 Garcia Route
Lake Lori, GA 07941",Cancelled,2023-09-25
9866,196,3475,287.04,"6758 Robert Village
Wangtown, WV 55125",Delivered,2022-07-19
1020,177,3998,163.09,"2890 Martinez Pines Suite 301
Lake Michele, RI 76996",Pending,2022-06-01
8087,88,3482,52.46,"443 Gregory Forge Apt. 740
Lake Vanessa, GA 05938",Shipped,2023-07-04
6676,183,3683,136.49,"5647 Jonathan Courts Apt. 463
South Markmouth, AS 71544",Pending,2023-07-27
1888,131,3783,120.5,"568 Megan River Suite 444
Lisaland, MS 06003",Cancelled,2022-04-06
7327,84,2435,111.64,"Unit 4302 Box 3582
DPO AE 87810",Cancelled,2022-11-06
8150,35,120,195.5,"070 Valenzuela Mall Suite 172
Gomezmouth, AL 65485",Shipped,2023-04-20
9886,111,867,245.64,"25004 Cox Square
Michaelhaven, WI 58791",Cancelled,2023-12-01
2270,48,597,73.8,"59661 Orozco Port Suite 386
Jordanfurt, PW 62544",Pending,2023-10-31
744,150,522,265.37,"75657 Jennifer Mount Suite 168
South Aimeeside, SD 78108",Delivered,2022-10-06
5856,26,485,486.96,"801 Joshua Curve
Jonesshire, VT 97364",Delivered,2023-11-10
7118,37,2449,108.09,"012 Taylor Via Suite 228
Chenview, CT 05048",Shipped,2022-02-08
8238,1,2425,145.38,"0662 Liu Gardens Suite 315
Williamfurt, DE 90453",Pending,2022-03-22
865,24,2811,44.62,"031 Davis Street Suite 412
Jamesberg, MS 51415",Shipped,2023-05-07
2111,101,2314,349.52,"08172 Hannah Bypass
North Nicolechester, AS 24472",Cancelled,2023-11-12
4590,189,3359,83.17,"167 Heather Views Suite 235
West Anthony, AR 46472",Pending,2022-10-20
5899,36,2567,476.22,"44341 Chelsea Crossroad Suite 763
Smithtown, KS 68573",Cancelled,2022-06-16
3855,56,707,27.69,"787 Gutierrez Courts Apt. 970
Lake Aaronmouth, DC 85823",Delivered,2022-06-07
5636,51,1184,260.24,"867 Nathan Cape
New Joshuaberg, MP 34835",Delivered,2022-04-11
5417,138,2121,449.48,"116 Kayla Flats
South Allison, SD 81241",Cancelled,2022-03-12
9445,127,3499,418.81,"0161 Felicia Village Apt. 462
Richardsontown, WV 40290",Shipped,2022-05-25
976,138,860,186.34,"09187 Bolton Points Suite 672
Guzmanstad, RI 70157",Delivered,2023-04-13
8387,115,2622,480.53,"PSC 8339, Box 4582
APO AP 47768",Delivered,2022-12-05
2470,199,1766,459.41,"93722 Teresa Club Suite 247
Fordport, VA 11518",Pending,2023-08-11
8849,122,1549,166.73,"USNV Lopez
FPO AE 79641",Cancelled,2023-10-11
1202,52,2037,107.79,"4655 Amy Street
New Jacobview, WA 17292",Delivered,2023-05-02
9986,128,423,405.74,"8878 Tara Circles Suite 944
Woodville, VT 02317",Delivered,2022-12-11
5089,8,1103,386.14,"16567 Knight Common
Elliottshire, PR 98351",Cancelled,2022-05-06
9379,82,3361,372.59,"910 Gomez Islands
Johnsonport, MA 62589",Delivered,2023-03-05
7846,170,1849,279.17,"7129 Pierce Road
East Sarahstad, WV 20699",Shipped,2022-01-19
329,15,2593,409.74,"2354 Chapman Plaza Apt. 734
Helenmouth, PW 10561",Delivered,2023-08-25
1530,99,2639,406.37,"3668 Kevin Trail
West Sandraborough, CO 03860",Delivered,2022-10-30
3679,9,1338,264.66,"69947 Christian Walks Suite 945
New Andrew, AK 75304",Cancelled,2023-05-29
4431,95,1079,459.28,"PSC 8468, Box 8290
APO AE 34157",Shipped,2022-10-27
138,123,2350,196.3,"64864 Baker Point
Sierrabury, MS 75994",Pending,2022-12-20
3917,46,3705,250.32,"19821 Sean Port
Parkertown, GA 94859",Cancelled,2023-10-23
8393,52,129,205.72,"9139 Frost Corner Apt. 261
Wernerport, AL 58908",Shipped,2023-07-06
1943,170,2619,227.59,"225 Woods Villages Suite 597
Nicoleshire, SD 21252",Pending,2023-11-26
3519,87,3032,188.27,"5656 Carroll Forest
Port Ruth, DE 66416",Delivered,2022-06-10
4971,52,2001,484.61,"18235 Lindsey Loaf Suite 331
South James, NE 43971",Shipped,2022-01-31
9345,106,3319,499.45,"02969 Bethany Centers Suite 869
Port Lindsayhaven, WA 66419",Delivered,2022-11-27
3729,81,1331,283.89,"67570 Torres Island
Jeffreyburgh, MA 51433",Cancelled,2023-11-15
5334,156,2904,498.07,"656 Brittany Heights Apt. 058
Hillfurt, AL 42495",Pending,2023-07-07
3590,103,176,322.55,"574 Andrew Garden
Smithview, AK 60339",Shipped,2022-12-13
7649,119,1964,190.74,"32918 Kristina Track Apt. 422
Dunnton, LA 36966",Delivered,2023-08-05
6658,106,2819,358.13,"120 Robinson Trail Apt. 667
South Michaelshire, OR 49302",Cancelled,2023-09-13
7286,186,1472,428.99,"5199 William Plain
Peterstown, WV 57840",Pending,2022-06-26
7717,105,163,437.24,"4846 Doyle Port Suite 133
Port Joshua, NV 70837",Cancelled,2023-11-06
3550,68,1069,131.79,"4066 Matthew View Suite 705
Petersonchester, OH 03097",Shipped,2023-10-31
4952,7,1178,28.46,"90136 Monica Trail
Snowview, SC 72657",Delivered,2022-01-06
8586,164,3513,410.32,"85593 Gonzalez Islands
Alexville, DE 64576",Delivered,2023-09-19
6197,112,2557,127.94,"81841 Warner Stream
Williamsland, ND 18874",Cancelled,2023-10-04
1139,174,516,413.86,"154 Ryan Spring
Rushside, NE 67126",Shipped,2023-08-17
2734,197,2764,441.91,"482 Velazquez Crest Apt. 172
Port Carlfort, MP 88956",Shipped,2023-12-03
9851,130,2384,224.61,"77297 Miranda Key Apt. 824
Millerstad, OK 48675",Pending,2023-11-17
4455,198,2509,340.25,"52790 Nelson Plain
Hallside, MP 98159",Shipped,2022-06-24
5183,169,3908,225.23,"079 James Dale Suite 785
West Joseph, NH 97475",Cancelled,2022-07-27
1649,118,2303,425.7,"395 Weber Stravenue
Susanland, FL 70601",Cancelled,2022-03-23
2057,87,1804,339.12,"66834 Samantha Course
Leehaven, MD 17442",Cancelled,2023-01-21
6079,61,1889,356.58,"614 Shannon Squares
Nicoleburgh, DE 48746",Pending,2022-03-15
9065,14,2643,215.17,"658 Savannah Orchard Apt. 797
Torresbury, AS 93503",Shipped,2022-07-05
8829,163,3173,107.44,"4585 Daniel Isle
East Sierrachester, SD 15034",Pending,2023-11-22
2530,55,1263,191.16,"1446 Doyle Stream
New Cynthia, NC 92865",Pending,2022-09-16
1295,180,606,183.66,"47828 Nancy Turnpike
South Jacqueline, NH 33392",Shipped,2023-04-07
4016,2,83,67.38,"1474 Wright Lake
New Annette, LA 19060",Shipped,2023-03-06
3381,17,2033,308.96,"2783 Angela Shoal
Bradyview, OH 85660",Cancelled,2023-11-23
8679,62,3951,186.82,"72279 Chris Streets Apt. 831
Lake Karenland, UT 32269",Cancelled,2023-06-23
8029,23,1486,364.13,"443 Maria Passage
East Carloschester, ID 04093",Cancelled,2023-09-17
2197,26,1863,353.05,"804 Johnson Drive
East Anneville, MH 54036",Pending,2023-05-28
7038,58,767,153.85,"8139 David Passage Apt. 228
West Edward, IA 03971",Cancelled,2023-11-05
7971,120,3991,453.55,"659 Tammie Islands
South Cheryltown, KS 07773",Cancelled,2022-01-16
969,125,536,184.46,"86640 Kevin Ports Apt. 762
Port Christopher, CT 35888",Pending,2023-03-11
7299,67,612,377.77,"665 Benjamin Lock Apt. 817
West Kathyhaven, WI 19648",Delivered,2022-09-28
8451,114,652,161.92,"04690 Martin Streets Suite 678
North Manuel, NY 37168",Shipped,2022-01-26
2571,29,1124,250.33,"Unit 2434 Box 9701
DPO AP 81527",Cancelled,2022-10-21
5109,21,2562,373.26,"182 Tanya Squares Apt. 620
South Thomas, DE 78641",Cancelled,2023-09-16
256,172,3083,61.8,"69493 Bowman Groves
Thomasmouth, IA 81192",Shipped,2022-04-06
5455,190,498,398.64,"96261 Schneider View Suite 874
Adammouth, NE 69476",Pending,2022-09-25
6750,111,1863,19.93,"06042 Greer Throughway Suite 837
Port Annafurt, IA 55978",Shipped,2022-02-04
1967,183,2956,240.46,"057 Ward Walk Apt. 142
North Matthew, WI 04810",Cancelled,2022-10-15
5897,151,875,39.99,"9722 Micheal Cliffs
North Joseph, AZ 63541",Shipped,2023-04-07
914,146,231,208.17,"896 David Hill
Johnsonport, TX 25256",Pending,2022-05-21
233,153,239,434.83,"USNV Williams
FPO AP 12730",Delivered,2023-01-18
3661,47,1531,492.71,"8119 Nancy Shoals Suite 685
Lake Mark, ID 69823",Cancelled,2023-06-20
2694,198,1277,289.29,"3839 Lynn Viaduct Suite 141
East Robertstad, ND 80016",Pending,2022-10-04
9827,153,1464,460.64,"36204 Ernest Crossing
Daymouth, MD 27760",Pending,2023-09-04
7779,62,413,163.13,"77561 Woods Forge
North Nicholas, RI 04780",Shipped,2021-12-31
1835,81,2223,486.21,"Unit 8408 Box 0198
DPO AA 46953",Shipped,2022-03-22
1109,180,3675,214.13,"3631 Joseph Fords Apt. 900
Port Jennifer, CT 50687",Delivered,2022-05-27
6655,181,3125,29.06,"USNV Thomas
FPO AA 51202",Cancelled,2022-09-06
6470,35,3877,265.14,"25190 Rebecca Landing
East Kyle, IA 21145",Pending,2022-11-04
890,97,3343,365.71,"PSC 5169, Box 0349
APO AE 46761",Pending,2023-07-31
8449,85,1627,212.52,"PSC 6513, Box 4224
APO AA 17847",Shipped,2022-02-05
3018,82,2133,392.94,"4862 Watts Crossroad Apt. 325
Wayneburgh, OH 22522",Pending,2022-06-02
5367,191,3984,97.9,"66786 Zimmerman Place
Amyton, NH 03219",Cancelled,2022-07-16
2181,180,302,188.89,"PSC 2477, Box 0542
APO AP 04120",Shipped,2023-07-17
7435,123,1581,88.61,"8433 Larsen Circle
Port Tamistad, MH 94142",Delivered,2021-12-19
7265,173,1956,426.3,"02996 Grace Rapids
New Philip, LA 85204",Pending,2023-07-26
4507,172,1753,105.92,"9544 Nicholas Meadow Apt. 294
Williamsborough, TX 69167",Shipped,2023-04-25
4589,97,2222,278.97,"0915 White Turnpike
Nolanburgh, VI 32911",Shipped,2023-02-17
6472,77,758,389.96,"06003 Emma Rapids Suite 863
South Heather, SD 57002",Shipped,2023-07-04
5015,63,818,237.76,"8650 Elizabeth Meadow
Mcclainberg, PW 69758",Delivered,2022-09-16
8946,74,3964,289.82,"583 Reginald Trace
Hessberg, MO 10803",Cancelled,2022-06-01
2234,2,373,229.52,"PSC 7645, Box 0533
APO AE 34826",Cancelled,2023-05-26
4019,58,1035,45.59,"83516 Taylor Brooks Suite 752
East Joshua, SC 74320",Shipped,2023-02-10
5833,80,3095,420.68,"4635 Snyder Shoals Apt. 181
Stonehaven, VA 05054",Pending,2022-07-19
8302,21,81,303.91,"9371 Joshua Station
Amyshire, NJ 73650",Delivered,2022-01-17
9329,47,1443,102.7,"2372 Brown Junction Suite 242
Nicholasview, NJ 75455",Cancelled,2022-08-23
9838,140,275,422.38,"706 Mark Village Apt. 694
Kathyhaven, RI 67084",Shipped,2023-04-15
222,151,1878,252.98,"5833 Rodriguez Bypass
Stevenmouth, PR 17183",Shipped,2022-07-23
5758,55,1983,473.89,"92989 Zamora Bridge Suite 644
Lake Thomas, AK 23946",Cancelled,2022-05-20
94,73,1330,145.29,"7014 Bowen Valleys Apt. 230
Richardsonbury, AL 47635",Shipped,2023-04-22
411,119,2020,70.69,"03813 Charles Falls
Jasonbury, TX 31640",Cancelled,2022-12-16
8112,23,2824,68.78,"3651 Danny Island Suite 045
West Crystalberg, WY 94062",Delivered,2023-04-29
8750,191,3654,440.2,"9617 Nguyen Forest Apt. 345
Elizabethstad, NE 14801",Pending,2022-01-16
8181,158,3021,180.93,"1130 Jennifer Manor Suite 682
Davidchester, GU 28317",Pending,2023-08-09
4874,15,973,287.39,"136 Jason Spur
Christopherside, MA 71304",Pending,2022-10-03
8905,187,3615,355.53,"51684 James Street Apt. 527
Andrewville, AS 23763",Pending,2022-09-13
9692,196,1051,462.79,"2395 Jenna Cove Apt. 902
Toddberg, ME 15129",Pending,2023-09-16
9932,140,1594,362.82,"PSC 1075, Box 2227
APO AE 14261",Delivered,2022-06-12
5908,92,2622,366.49,"8101 Jason Lakes Suite 811
New Sarah, SC 93264",Shipped,2023-02-11
6250,31,2600,104.8,"1263 Nicholas Drives Apt. 786
Gonzalezfort, NY 44520",Delivered,2022-11-12
6689,102,727,129.09,"Unit 1739 Box 3885
DPO AP 94828",Delivered,2022-12-14
2547,89,3840,133.8,"0211 Johnson Ridges Apt. 024
Emilyburgh, GA 31372",Delivered,2022-07-05
8156,145,2824,250.96,"20653 Fox Path Apt. 318
Samanthaland, IA 17222",Pending,2023-05-23
7754,9,1134,275.33,"127 Brian Pike
Josephfurt, NE 87780",Cancelled,2022-09-30
7668,166,1178,408.51,"6917 Elizabeth Forest Suite 845
Kelleyfurt, NV 22417",Shipped,2023-05-18
5211,177,2302,413.32,"0947 Raymond Mountains
Jefferystad, PA 20897",Delivered,2023-05-06
2154,54,3142,222.52,"88239 Patrick Burg
South Jacob, IL 54785",Delivered,2022-05-05
3177,15,1914,144.64,"636 Michael Wells
Erinland, TN 50764",Delivered,2022-01-02
3823,85,2733,245.73,"074 Lindsay Course
Port Edgar, MO 89180",Shipped,2023-10-29
207,153,597,281.99,"PSC 8467, Box 1320
APO AA 88332",Cancelled,2022-06-24
761,127,3927,21.31,"291 Clark Neck
Sheafort, MN 02181",Shipped,2023-07-11
7729,63,3651,442.07,"1205 Williams Ports Suite 503
Donnaland, AL 52274",Pending,2022-05-19
4361,123,3158,409.84,"14042 Blanchard Ferry
Joshuachester, AS 48764",Cancelled,2022-08-10
278,200,2832,337.0,"PSC 6013, Box 5152
APO AE 73569",Delivered,2022-07-22
439,127,458,207.23,"97758 Simmons Springs Apt. 158
Garciamouth, MA 90838",Pending,2022-06-24
5001,169,3909,69.7,"326 Marquez Trafficway
Lisaton, NC 82177",Cancelled,2023-08-31
2528,7,2598,492.67,"81348 Potts Groves
East Anthony, LA 78212",Pending,2023-11-16
880,8,2777,216.44,"31924 Michael Flat Suite 941
Lopezstad, NY 16080",Cancelled,2022-07-15
1309,155,360,442.13,"5975 Lam Street
West Michaelton, AR 57705",Cancelled,2022-05-22
1782,169,3561,98.15,"84216 Lisa Forges
Wuburgh, ND 94895",Delivered,2023-08-29
8030,172,3300,145.31,"8104 George Locks
Weaverport, SC 78616",Delivered,2023-01-07
2603,9,536,323.34,"4921 Bruce Cliff
Lake Tracymouth, CA 34559",Delivered,2021-12-13
7045,80,2412,408.85,"1033 Jodi Stream
Colleenport, MP 71653",Cancelled,2023-05-26
9626,121,2579,467.65,"8981 Diana Ridges Apt. 718
North Elizabethport, DC 84462",Cancelled,2022-09-23
1088,150,294,212.79,"255 Hubbard Springs Suite 681
Brittneyberg, AL 77966",Delivered,2023-11-18
1605,177,2435,369.47,"1403 Fisher Course Suite 220
Lake Michael, NV 61366",Shipped,2023-10-13
3726,116,116,40.86,"55101 Anderson Ridge Suite 489
Lake Joanview, NJ 52357",Pending,2022-09-05
7076,14,1649,79.97,"4259 Ryan Place Suite 687
Lake Karl, ME 48626",Delivered,2023-09-02
4474,164,1751,165.3,"51384 Nielsen Crest
Martineztown, WA 69821",Pending,2023-04-20
194,62,3359,405.69,"74695 Frank Center
Lake Carolynstad, ND 49268",Pending,2023-03-06
396,61,3562,313.12,"986 Jeffrey Canyon
Smithbury, UT 69586",Delivered,2023-07-21
3600,145,2011,138.1,"5448 Christopher Pass
Garrettside, MH 93209",Delivered,2023-08-05
8552,92,874,381.72,"6314 Jessica Roads
Patriciamouth, FM 66073",Cancelled,2023-08-08
2955,140,2141,64.82,"63398 Lauren Hollow
New Evelynmouth, MA 83849",Cancelled,2023-02-01
1840,141,3378,447.41,"7853 Moody Plains Apt. 652
South Ericatown, MA 77480",Cancelled,2022-03-03
9531,5,3514,38.57,"168 Ball Glen Apt. 215
New Sara, OK 33872",Delivered,2023-07-20
3870,75,1791,489.76,"06592 Wright Streets Suite 170
Christinefort, MD 19834",Pending,2023-09-26
8749,137,3731,225.65,"095 Turner Union Apt. 760
Marcusside, WA 36625",Shipped,2023-02-23
3580,41,3131,412.45,"3247 Michael Corner
North George, NE 73022",Shipped,2023-06-23
2555,99,3778,217.35,"79092 Willie Drive
New Scottbury, KY 22282",Shipped,2022-12-14
4541,183,3471,252.77,"1218 Olsen Hill Suite 805
New Francisview, AS 52806",Shipped,2022-10-27
5295,111,235,111.6,"999 Douglas Spur Suite 647
Lake Calvinville, NJ 24195",Delivered,2023-11-25
1121,177,687,295.04,"8562 Linda Orchard
Gregorybury, MI 27469",Pending,2023-05-26
7786,151,3565,261.58,"394 Stewart Extension
North Melanie, SC 39224",Cancelled,2022-10-12
9695,26,3797,151.96,"5612 Lisa Prairie
East Christine, CT 11593",Pending,2023-08-14
6101,29,1142,204.03,"13997 Brewer Gateway
Jenniferchester, LA 17796",Shipped,2022-11-27
6475,48,986,77.08,"78266 James Shoal
Lake Kimberly, KS 32187",Cancelled,2022-09-25
7595,98,2144,440.79,"252 Dorothy Mews Suite 703
Rojasbury, MO 69201",Pending,2022-11-26
247,144,3514,272.18,"3148 Matthew Rue Apt. 973
Greenside, KY 67886",Shipped,2023-04-01
1725,94,3438,198.57,"0679 Crystal Pines Apt. 912
New Ericashire, DE 72657",Shipped,2023-02-19
6387,111,453,267.12,"7994 Carrie Junction Suite 258
West Lori, LA 44927",Delivered,2022-02-23
7258,137,1994,136.42,"2592 Kathleen Circles Apt. 925
Alexanderberg, MI 03122",Delivered,2022-03-15
5008,20,3562,276.16,"243 Christopher Springs
Annshire, AL 01334",Delivered,2022-08-02
3889,86,54,332.03,"257 Tasha Brooks
New Jenniferhaven, NV 80467",Shipped,2023-07-10
6208,177,1766,233.71,"3097 Scott Plaza
Brownstad, SC 97350",Pending,2022-09-30
4157,109,2529,357.15,"242 Ashley Passage
Michelleside, GA 83346",Pending,2023-07-01
1805,147,316,441.67,"03173 Nicole Hill
Joseburgh, GU 41962",Delivered,2022-01-19
4958,14,1500,481.7,"050 James Road Suite 900
Robertfurt, PW 49481",Pending,2023-08-24
7008,155,2544,157.08,"89856 Simon Common
Lake Connormouth, MS 64889",Shipped,2022-02-01
4577,188,1059,235.48,"422 Sarah Stream
Lynnton, RI 16694",Cancelled,2022-02-23
2101,38,633,316.28,"Unit 1688 Box 6895
DPO AA 48790",Cancelled,2022-04-09
2621,51,3281,409.05,"2196 Patricia Wall Suite 901
Courtneytown, MT 27376",Delivered,2022-05-12
7557,30,3741,39.93,"4246 Jasmine Lock Apt. 363
Jonathantown, AK 48595",Delivered,2022-02-07
888,50,3632,91.43,"40989 Susan Walk Suite 659
West Joseph, NH 76032",Delivered,2022-10-21
9170,124,20,394.71,"42416 Alicia Trafficway Apt. 229
Jonesview, TN 62836",Cancelled,2021-12-31
3651,65,1325,443.13,"852 Amber Creek Suite 361
East Billychester, PA 98596",Shipped,2022-06-10
1320,31,1820,47.54,"4536 Lauren Vista
Port Dustinborough, NY 16299",Cancelled,2022-03-27
4608,106,562,368.64,"71267 Steven Path
Port Amberburgh, GA 61248",Delivered,2022-12-19
2685,182,2644,261.5,"380 Trevino Mews
New Richard, IA 20895",Delivered,2022-12-18
674,45,2090,55.63,"4731 Angela Circle
Boyerport, NJ 03285",Cancelled,2023-07-24
8056,34,459,275.37,"95539 Russo Dale
Halehaven, OH 22563",Pending,2022-02-24
7740,80,1559,466.7,"Unit 0107 Box 5075
DPO AP 71142",Pending,2022-09-30
3317,180,1584,191.03,"12480 Ethan Mountains
West Thomas, GA 31974",Shipped,2023-12-07
8619,108,869,386.49,"6665 Huynh Hills Apt. 887
Madisonfort, VT 08853",Delivered,2023-11-03
3044,70,559,270.02,"USS Brown
FPO AA 85761",Delivered,2023-05-29
7119,51,1695,304.77,"USNS Meyer
FPO AE 43149",Delivered,2022-12-09
3426,74,437,67.57,"Unit 0709 Box 7253
DPO AP 65750",Cancelled,2022-03-11
9873,66,2090,150.51,"USNS Farmer
FPO AP 15186",Cancelled,2022-02-24
7591,184,2055,260.54,"673 Bates Avenue Apt. 666
Port Victoriaville, VA 45967",Delivered,2022-01-18
276,129,2280,109.9,"21404 Sarah Union
Lake Judy, MA 90786",Delivered,2022-06-15
4754,46,1965,369.27,"4819 Moyer Spring
North Christopherport, UT 72987",Delivered,2022-02-22
5296,84,3433,276.28,"8915 Smith Centers
Longtown, UT 59185",Pending,2022-03-04
4260,100,909,89.35,"Unit 9596 Box 6049
DPO AE 79013",Delivered,2023-10-12
9657,80,168,73.3,"4604 Torres Street Suite 465
Courtneyside, UT 16911",Cancelled,2023-04-16
8828,11,2638,447.28,"983 William Roads
New Michaelchester, PA 65997",Shipped,2023-02-27
1541,8,171,204.62,"PSC 9657, Box 2664
APO AE 48548",Pending,2023-11-28
7528,156,3147,445.92,"5798 Woods Harbors
Jonesville, MN 95251",Shipped,2022-07-20
17,69,3999,239.06,"21202 Lewis Mountains Apt. 266
Pughport, AL 26532",Cancelled,2023-10-02
9755,39,3090,439.55,"4423 Ann Shoals
Aliport, FM 91726",Cancelled,2022-10-08
8710,187,2303,129.45,"702 Christopher Path Suite 374
Pattersonbury, GA 76714",Pending,2023-06-26
643,120,3170,473.31,"9060 Deborah Oval Suite 896
New Leslie, AR 70861",Cancelled,2023-08-29
1858,98,1266,379.39,"36399 Diaz Shoal
Port Jesse, VA 59679",Delivered,2023-01-29
8152,119,2315,491.88,"14276 Phillips Locks Apt. 632
Erichaven, LA 40088",Delivered,2023-07-24
9747,4,17,363.63,"USCGC Green
FPO AE 45652",Delivered,2023-01-16
1880,86,1878,78.97,"146 Gallegos Vista
Scottstad, WY 93016",Delivered,2022-04-02
9615,176,2692,395.53,"833 Amy Motorway
North Wendyville, MH 22253",Pending,2023-07-11
9522,136,2801,419.03,"Unit 3192 Box 8082
DPO AE 87152",Cancelled,2023-09-23
9656,82,1710,93.99,"40370 Tran Prairie
Jeffreyhaven, AZ 84382",Shipped,2023-11-26
4284,174,1231,312.65,"151 Erica Hollow
North Katieview, RI 30746",Pending,2022-09-13
6944,157,2082,344.39,"488 Robinson Valley
East Juliechester, NJ 94068",Delivered,2022-08-16
8157,28,584,325.46,"3997 Jones Mission Apt. 052
Graytown, PA 34604",Cancelled,2022-08-20
9739,29,2346,491.92,"02110 Jaime Drive
Murphyborough, SC 44526",Delivered,2023-02-21
5874,80,973,18.22,"7345 Gregory Ridges
Lake Christopher, LA 91873",Delivered,2022-10-18
9007,108,2286,317.67,"672 Nicholas Rest
Kyleburgh, MD 27799",Pending,2023-05-05
1833,173,65,471.36,"40419 Potter Common
South Sabrinahaven, PA 64036",Shipped,2023-08-19
2526,177,2641,234.77,"2205 Thomas Burgs
South Edgarborough, MH 10962",Pending,2023-06-09
4793,2,3664,352.9,"02809 Lester Station Suite 747
Johnsonport, MS 12273",Delivered,2022-09-27
6587,93,2432,334.59,"743 Michael Track Apt. 309
Virginiaton, MI 06552",Pending,2023-06-09
9918,171,509,260.9,"94253 Wilson Springs
Sabrinaton, NE 87365",Cancelled,2023-05-28
5896,120,926,72.7,"511 Smith Light Apt. 525
Willieview, TX 26598",Delivered,2022-02-24
7314,3,1755,319.28,"753 Jacqueline Lock Apt. 767
Maryport, MN 80688",Pending,2022-04-15
2907,13,20,277.01,"80731 Garcia Mission
Jessicastad, WI 06466",Pending,2022-12-14
494,144,3528,366.49,"09262 Melissa Drives
East Stephanie, AL 53373",Pending,2023-03-30
6518,71,1124,127.54,"860 Downs Plaza
Port Amanda, PR 53105",Cancelled,2022-01-27
6569,64,1157,454.82,"6902 Caroline Street
Lopezberg, SD 26848",Shipped,2022-06-13
2600,32,2461,319.94,"471 Michael Mill
Sarahstad, LA 40541",Pending,2022-12-01
5547,20,971,439.11,"Unit 4169 Box 2333
DPO AA 24118",Pending,2022-09-18
5723,199,3866,438.49,"16912 Scott Ferry Suite 343
West Carlyport, DE 38724",Pending,2023-02-24
4649,15,2573,427.03,"Unit 3675 Box 6178
DPO AA 62736",Cancelled,2023-08-30
1363,137,65,485.8,"PSC 1734, Box 3190
APO AE 47135",Delivered,2023-12-08
1673,157,1308,253.26,"08363 Robert Prairie
Jamesmouth, DE 02000",Pending,2022-01-08
2479,35,2739,134.43,"114 Ellis Port
North Carol, AR 64878",Pending,2023-04-10
2312,29,3211,442.36,"611 Kathryn Island Suite 441
Kimberlyview, MS 29001",Cancelled,2022-03-28
4721,9,3242,323.02,"91855 Schneider Flats Apt. 849
Port John, NM 92542",Shipped,2023-06-08
783,42,1711,45.15,"31952 Hunt Square Apt. 559
East Mirandafurt, OK 48138",Delivered,2022-05-25
3516,15,2033,289.17,"76947 Mary Spurs Suite 324
East Sethton, UT 33644",Shipped,2022-02-03
7427,35,3161,31.95,"7870 Gary Burgs
South Davidtown, NH 83766",Pending,2022-11-02
6182,50,256,439.48,"31665 Alexander Valley Suite 885
Sarachester, NH 55108",Delivered,2022-02-08
6430,56,360,88.95,"48696 Hood Square
Barberborough, CO 27136",Shipped,2022-04-07
5504,199,3882,179.33,"114 David Corners
Hamiltonton, NM 30465",Shipped,2022-07-12
1172,189,3309,161.45,"730 Sandra Pass Suite 466
Sanchezland, GA 74121",Cancelled,2023-01-06
5751,29,3433,100.69,"1318 Ortiz Trafficway
South Mark, MD 43494",Pending,2022-03-29
467,118,2418,96.88,"637 Thompson Ports
Vincenthaven, WA 43395",Cancelled,2022-11-13
4940,71,1001,78.66,"3185 Singh Shoals Suite 132
Alexischester, NE 84858",Shipped,2022-05-02
9504,89,2773,246.56,"400 Jeffrey Drive Apt. 296
New Richard, HI 32882",Delivered,2022-07-16
7128,27,737,128.69,"1891 Edwards Summit Suite 044
Port Peggymouth, IL 92322",Cancelled,2022-06-26
678,140,609,195.02,"USNV Evans
FPO AP 84581",Pending,2022-01-30
1252,64,3299,465.32,"748 Christian Run
New Sergio, NH 98360",Shipped,2022-03-26
9266,157,1990,311.18,"63587 Christopher Green Apt. 168
North Elizabeth, ME 53319",Delivered,2023-03-09
9137,112,2561,207.58,"587 Paul Station Suite 947
Jamesfort, OH 92081",Delivered,2022-02-09
6510,62,190,205.38,"9923 Juarez Road Apt. 851
North Jamestown, HI 67730",Delivered,2023-08-11
9704,181,1403,329.24,"1725 Samuel Village Apt. 418
Leahview, GA 05994",Cancelled,2023-12-03
9912,128,1381,34.37,"1640 King Course Apt. 266
Kathytown, MO 85791",Delivered,2023-01-22
8145,35,3606,313.15,"46184 King Club
Maryton, OH 54910",Delivered,2022-06-26
4948,33,2049,239.56,"190 Tina Curve Apt. 088
Lake Michael, NH 63771",Pending,2022-01-18
2130,18,557,229.95,"310 Caleb Burg Suite 401
Lake Mary, CT 58536",Shipped,2022-04-14
3842,111,3009,249.72,"197 Hicks Lodge Apt. 124
Samanthachester, WY 39279",Shipped,2022-09-09
4238,137,3107,254.77,"93063 Watson Brook
Townsendberg, CA 39623",Shipped,2022-11-07
4698,71,73,477.04,"47156 Drake Tunnel
West Julie, NE 09179",Cancelled,2022-05-13
5427,71,34,176.73,"06994 Coleman Union Apt. 778
Lake Sherrifurt, AS 45241",Pending,2023-08-18
7285,140,3165,195.0,"480 Dustin Streets
Jenniferport, GA 16156",Pending,2023-08-31
6492,114,540,472.18,"736 Jesus Locks Suite 212
North Jillfurt, PW 64922",Pending,2023-08-06
2902,118,252,380.7,"24278 Benjamin Coves Apt. 587
New Jane, ID 75160",Shipped,2023-06-21
137,151,3229,42.97,"646 Jackson Fort Suite 595
Donnaport, DC 58862",Delivered,2023-08-08
8041,107,2559,84.68,"26654 Molly Spring
South Amytown, NM 24878",Shipped,2022-03-25
5799,4,46,426.71,"7465 James Run Apt. 759
New Wendychester, MH 21284",Shipped,2022-06-03
6506,20,709,138.11,"PSC 5146, Box 0285
APO AP 37169",Cancelled,2022-10-05
4269,157,479,275.63,"443 Meadows Skyway Apt. 266
New Leonard, SC 83814",Pending,2021-12-25
2632,49,382,476.86,"472 Jill Mills Apt. 508
Ericton, NM 36050",Delivered,2023-01-18
5284,41,2645,341.58,"36449 Jennifer Light
South Annabury, CA 60144",Pending,2022-05-14
552,135,2160,469.56,"10149 Tracy Branch Apt. 932
Proctorstad, NY 27630",Cancelled,2023-10-14
1459,72,3537,229.78,"10403 Olivia Fort
Shortport, VT 45958",Delivered,2023-11-03
2602,159,1110,370.28,"753 Hill Tunnel
Ramosburgh, FM 35009",Pending,2022-05-17
9408,177,656,194.12,"USCGC Brown
FPO AE 40882",Delivered,2023-01-03
1546,168,360,424.73,"PSC 4018, Box 6923
APO AE 01628",Delivered,2023-11-25
1392,175,1589,55.34,"604 Rebecca Grove Suite 676
Haroldborough, MP 53343",Pending,2023-05-23
7373,40,1478,42.71,"55290 Thompson Island Suite 593
West Stephanieside, MH 51914",Delivered,2022-11-13
3111,20,2975,413.26,"960 Michelle Run
Phillipfurt, ND 71964",Shipped,2023-01-14
5978,25,1055,272.66,"74141 Richard Plaza Apt. 285
Julieville, CO 04005",Cancelled,2022-05-16
9324,63,2323,346.09,"8198 Love Spring Apt. 018
Bellfort, AS 59625",Pending,2023-12-02
9166,74,548,336.35,"274 Meyer Cove
West Chadberg, VA 03171",Cancelled,2022-10-19
8209,9,1021,104.3,"1248 Charles Common
Elizabethton, ID 71262",Pending,2022-01-30
7875,82,182,268.85,"4654 Eric Turnpike
Lauraville, HI 85760",Pending,2022-08-25
3390,33,2983,67.2,"906 Ryan Circle Suite 362
Rodneybury, FL 82545",Pending,2023-07-08
6447,98,3284,136.66,"7135 Rodriguez Mills Suite 330
South Stephanie, OR 04725",Cancelled,2023-06-05
1548,39,1496,132.43,"387 Amy Falls Suite 988
Craigburgh, VI 72825",Shipped,2023-07-22
7233,168,146,215.71,"07834 Margaret Port
Crystalstad, WY 00893",Delivered,2023-05-12
2793,27,2985,480.16,"2718 Williams Drives Suite 257
South Lynn, LA 36835",Shipped,2022-02-09
3039,104,1224,315.09,"79886 Cain Stravenue Suite 534
Fosterton, WI 90682",Shipped,2022-10-05
4148,175,54,83.88,"PSC 2513, Box 0043
APO AE 80532",Pending,2023-10-09
9327,127,1591,467.39,"1595 Mary Bridge Apt. 213
Chrismouth, UT 46612",Pending,2023-07-13
927,159,741,176.81,"582 Katherine Road
Lake William, VA 30943",Delivered,2022-04-15
2797,131,3194,154.25,"3113 Laura Valley Apt. 374
Travistown, MD 99680",Shipped,2022-12-07
3622,86,1237,368.65,"292 Susan Locks
Traceymouth, NV 26426",Shipped,2022-06-20
1518,137,3172,85.88,"3692 Jennifer Port
Catherinebury, NE 10588",Shipped,2023-07-22
2128,170,3056,317.85,"PSC 4209, Box 9063
APO AA 70170",Shipped,2022-05-27
7320,27,1286,61.2,"820 Robinson Coves
South Manuel, PR 17209",Shipped,2022-06-12
2180,163,3615,360.3,"Unit 9234 Box 1316
DPO AE 41080",Delivered,2022-02-24
9018,101,1059,296.47,"427 Amy Camp Suite 492
Hughesburgh, GA 21002",Shipped,2023-12-05
9100,74,843,287.61,"PSC 2167, Box 3868
APO AA 75112",Shipped,2022-03-10
1908,139,1473,36.41,"38615 Richard Court
Taylormouth, VT 72399",Delivered,2022-06-02
763,165,2107,413.26,"412 Stevens Plaza
North Scott, WY 36489",Pending,2023-12-07
5643,74,3877,46.42,"PSC 8897, Box 0886
APO AP 89632",Cancelled,2023-01-17
2900,71,1079,130.77,"24035 Jessica Lane
South Charles, NE 31771",Cancelled,2022-04-09
7125,188,3633,54.03,"61153 Vazquez Expressway Apt. 160
Mendozaland, AL 45801",Shipped,2023-06-24
8964,52,775,339.2,"69464 Gilbert Brook Suite 177
South Amymouth, KY 93761",Pending,2022-12-21
2630,106,1189,119.87,"5233 Irwin Loop Apt. 750
Port Vanessachester, TN 36982",Delivered,2022-05-13
7791,50,1713,55.0,"773 Kirby Pass
North Jessica, MI 70896",Delivered,2023-08-17
1696,169,1139,190.94,"90003 Emma Shoals
New Kristinetown, NM 53254",Shipped,2023-06-11
5480,91,2711,369.94,"USCGC Hoffman
FPO AP 13443",Delivered,2023-10-15
9077,126,1548,88.21,"50694 Jimenez Wall
West Lindsay, AS 43948",Cancelled,2023-01-20
5906,166,375,56.86,"53240 Monica Green
North Jenniferfurt, VI 23078",Shipped,2022-08-29
4435,122,2638,316.11,"387 Perez Course
West Calebburgh, VT 90986",Pending,2023-06-23
7680,22,3840,51.36,"1432 Dominique Stravenue
Katelynberg, NV 57603",Shipped,2023-09-27
6776,32,1545,479.52,"83657 Solis Mission Suite 455
New Jenniferton, FL 81523",Delivered,2023-02-22
1215,163,1189,164.88,"688 Matthew Valleys Suite 254
Jenniferside, MA 47885",Delivered,2023-08-29
3811,84,1008,164.83,"881 Malone Haven
Lake Debratown, AZ 04201",Delivered,2023-07-05
9231,113,2184,259.36,"0566 Haley Pass Apt. 402
Michaelachester, VA 00845",Delivered,2023-04-19
1661,21,3462,93.85,"6504 Sean Lakes Apt. 194
South Caitlyn, KS 10211",Shipped,2023-11-23
3982,98,3437,424.83,"279 Franco Station Suite 615
Lake Kelly, PA 73326",Cancelled,2023-05-04
7015,10,202,487.17,"538 Smith Extensions
Ericland, FL 21835",Cancelled,2023-09-04
2044,19,1189,156.55,"760 Calderon Loaf Suite 262
West Raymond, KS 97779",Cancelled,2022-08-15
5091,135,226,93.41,"91003 Brown Trace
Susanstad, SD 46279",Cancelled,2023-08-22
9006,95,1223,231.84,"USCGC Hurst
FPO AA 72347",Pending,2023-02-27
3933,99,1332,430.06,"7240 Kimberly Summit
North Carrieside, IA 87657",Cancelled,2022-10-11
8801,166,2291,174.58,"134 Gould Expressway Apt. 377
New Brandon, MN 22610",Pending,2022-04-28
2655,126,485,86.47,"65162 Troy Loop Suite 603
New Maryfort, NE 23710",Cancelled,2021-12-15
7306,183,320,33.16,"607 Adams Radial Suite 006
Chelseyshire, TX 98457",Shipped,2023-06-16
5532,42,2498,416.98,"8956 Dyer Lock
East Catherine, MD 04206",Delivered,2023-04-04
5789,3,1721,260.58,"70980 Ray Club
Johnmouth, ME 47367",Pending,2022-07-26
5869,53,1190,401.43,"87832 Bowman Ports Apt. 195
New Bryan, NM 22880",Cancelled,2023-07-09
5941,72,423,403.39,"94181 Joe Mission
Port Hunter, DC 94938",Pending,2023-04-30
6890,25,1248,447.51,"7565 Brewer Crest
New Markport, OH 02047",Delivered,2022-08-22
6265,58,2350,445.3,"PSC 1930, Box 1512
APO AA 97883",Shipped,2022-02-21
2283,105,504,64.75,"737 Jessica Ports
Kennethfurt, ID 86172",Pending,2023-06-23
8511,162,2501,360.7,"12152 Lisa Trafficway
East Kristen, MD 75556",Delivered,2023-01-06
1608,22,3725,87.79,"0971 Johnson Harbor Apt. 480
Leachstad, OH 97543",Pending,2022-03-28
5954,165,2055,19.0,"7189 Ward Squares Suite 952
Lake Timothymouth, CT 64032",Shipped,2023-05-26
4310,83,2891,461.72,"763 Sutton Brooks
Kylemouth, CA 57726",Delivered,2022-03-25
4191,168,1988,72.43,"646 Green Villages Apt. 648
East Christinastad, FM 81176",Delivered,2022-07-07
9945,124,3875,146.66,"0013 Nicole Prairie
New Jeffreystad, MO 38192",Delivered,2023-02-20
8936,1,3974,433.16,"2710 Krause Mill Suite 751
North Thomas, SD 74057",Delivered,2022-12-09
6694,71,1881,83.02,"55069 Jones Crescent
Port Vicki, OK 58990",Pending,2022-11-12
9832,132,937,437.1,"648 Gaines Ville Apt. 383
West Amanda, MP 11134",Delivered,2022-02-08
260,151,3413,253.01,"7627 Hampton Underpass
Christopherburgh, CT 57013",Pending,2022-06-17
9002,58,3377,270.16,"34070 Joel Mountains Apt. 195
Derrickstad, UT 72272",Shipped,2022-09-02
6582,187,2573,419.7,"09931 Jonathan Path
Lake Whitney, MS 17977",Pending,2022-10-24
770,173,3156,170.53,"038 James River Suite 674
Lake Richardfort, DC 60649",Shipped,2022-09-16
482,3,2518,97.05,"392 Zoe Fields Suite 434
Merrittstad, AZ 68113",Cancelled,2022-01-27
9947,177,1599,334.13,"47947 Clark Garden
Chavezmouth, VI 64683",Cancelled,2023-06-18
3950,35,686,33.96,"1405 Tanya Mountain
West Sean, WI 73116",Pending,2022-08-02
2324,180,1161,198.18,"30390 Rodney Run Suite 745
New Richardburgh, IL 52128",Delivered,2023-08-14
8097,110,3668,286.35,"068 Hernandez Cape
Scottstad, MI 04401",Pending,2022-09-20
436,195,3882,249.43,"15217 Richard Via
Jasonborough, MI 05704",Delivered,2022-06-22
8049,199,681,93.28,"58399 Hall Mount
Lake Scott, KY 69256",Pending,2022-09-27
9743,16,2695,354.1,"69938 Little Hollow Apt. 322
West Brandonland, UT 02034",Shipped,2023-11-04
1828,84,2572,143.34,"1593 Sanchez Court Suite 420
East Cynthia, SC 23548",Delivered,2022-03-18
8705,45,3611,394.97,"000 Reeves Mountain
Andradeberg, NC 43908",Shipped,2023-08-02
8858,90,314,258.26,"28110 Ryan Run Suite 981
South Rhonda, LA 03627",Pending,2023-03-09
8591,55,2518,472.62,"USCGC Le
FPO AA 72208",Cancelled,2023-09-18
7757,8,3360,286.26,"91685 Joseph Turnpike Apt. 260
Port Jacquelinetown, LA 56198",Delivered,2023-01-26
7714,81,470,410.05,"5299 Angela Tunnel
Butlerton, UT 79940",Cancelled,2023-04-11
6242,160,2132,174.77,"Unit 6356 Box 6700
DPO AE 13689",Delivered,2022-04-22
7645,99,314,287.54,"5883 Chavez Oval
West William, UT 63426",Shipped,2022-08-15
8230,118,681,230.86,"17614 George Inlet Suite 700
Hernandezchester, ID 48305",Pending,2023-02-20
7891,52,3973,224.59,"691 Perez Pines
South Leonard, CA 49579",Delivered,2022-06-12
5266,60,1187,17.92,"PSC 7718, Box 2347
APO AA 74971",Pending,2022-02-16
4894,21,3950,256.75,"030 Charles Streets
West Kevinborough, AS 07064",Cancelled,2023-01-17
9358,17,2551,405.0,"Unit 4475 Box 2689
DPO AE 93302",Pending,2022-07-20
8981,84,3919,460.44,"1935 Gomez Underpass Suite 395
Jennifertown, CA 52305",Cancelled,2022-08-28
4850,95,1055,474.06,"87686 Carpenter Plaza
West Tracymouth, SD 42844",Cancelled,2023-02-06
3295,12,1870,130.33,"12214 Carl Estate Apt. 284
Michelleburgh, PA 01068",Delivered,2022-08-19
6889,112,1695,429.51,"285 Emily Fall
Anthonyton, OH 58984",Delivered,2023-05-27
3925,29,1483,387.2,"96568 Cross Extension Apt. 952
Coopertown, MP 51111",Pending,2022-05-03
3300,179,2392,46.52,"48113 Shannon Overpass Suite 382
Andreamouth, AR 78051",Shipped,2022-04-23
5369,80,2564,350.72,"106 Adkins Orchard
Jeffreystad, MP 64578",Delivered,2022-09-08
4840,74,1560,441.04,"Unit 3440 Box 7975
DPO AP 62233",Delivered,2023-03-17
8716,52,1926,84.9,"876 Rebecca Road Apt. 782
Allenview, AS 74761",Delivered,2022-12-24
401,121,2906,131.9,"010 Stacey Green Apt. 402
North Ann, WV 56692",Pending,2021-12-16
2855,16,1444,300.54,"7923 Courtney Divide
East Nicole, MI 34064",Pending,2023-06-24
5106,79,3443,26.58,"87375 Martinez Inlet Apt. 925
Robinmouth, NY 91800",Delivered,2023-09-17
8434,86,3565,109.63,"60325 Antonio Shoal
Comptonburgh, PR 30311",Cancelled,2022-12-15
5741,11,3606,397.91,"31156 Thomas Burgs
Michaelton, PA 50543",Cancelled,2023-10-18
8549,200,2082,323.42,"437 Walker Islands Suite 978
West Nicholasville, TX 36197",Delivered,2022-10-22
2314,9,383,138.95,"Unit 2829 Box 9144
DPO AA 20210",Delivered,2022-02-04
2974,51,2463,468.19,"142 Dennis Streets Apt. 880
New Michelleton, DE 08134",Pending,2022-03-14
5786,24,2641,155.1,"Unit 9582 Box 2645
DPO AP 34582",Delivered,2022-08-24
5661,117,631,445.8,"115 James Extension
Port Victoriashire, DE 90301",Pending,2023-09-18
4078,150,2413,156.74,"0652 Blankenship Gateway
East Samanthatown, VT 47411",Cancelled,2023-03-02
2364,168,1881,422.58,"114 Lester Track
Washingtonmouth, OK 07805",Shipped,2023-09-09
6586,62,3009,332.29,"Unit 4320 Box 2681
DPO AP 09632",Cancelled,2022-03-17
2959,145,1605,25.73,"584 Lester Tunnel Apt. 769
Hayesfurt, VA 12164",Cancelled,2022-05-06
9008,54,3561,346.86,"08946 Michael Junctions
West Ashleyside, MI 68507",Delivered,2023-11-14
9265,24,2514,328.14,"543 Daniel Corner Suite 190
West Michael, AK 10414",Shipped,2023-06-17
4216,49,170,305.95,"614 Garcia Cove Suite 022
East Christinehaven, TX 80152",Cancelled,2022-04-05
2649,197,172,77.87,"93174 Mitchell Extension Apt. 200
North Kathleen, AZ 33652",Delivered,2023-05-06
9191,4,3963,101.8,"08932 Robert Gateway Apt. 850
Adamport, WV 60436",Cancelled,2023-04-29
9772,136,3944,229.13,"3617 Teresa Court
Morristown, CO 52144",Shipped,2023-07-30
7546,20,707,380.63,"710 Miller Forges
North Tinamouth, PW 98802",Cancelled,2022-05-03
2610,139,986,428.46,"43445 Whitney Hill Apt. 060
Port Tricia, NE 67520",Cancelled,2022-06-19
9219,106,3569,13.08,"65685 Kelly Junction Apt. 762
North Brent, FM 73810",Delivered,2023-11-01
892,15,1437,491.74,"518 Frederick Place Apt. 140
Juliatown, AK 98130",Delivered,2023-07-25
417,155,3391,315.28,"10504 Kristine Stravenue Apt. 233
East Jeremiahton, AS 05781",Cancelled,2023-05-03
2275,134,741,355.37,"61977 Ross Port
Claytonfort, GA 12008",Pending,2022-10-20
5903,123,1703,455.27,"1837 Peterson Summit Suite 994
East Tonihaven, WV 84070",Shipped,2022-01-07
2847,38,2104,189.03,"97580 Michele Islands
Wardburgh, AR 69212",Delivered,2022-04-23
3656,152,926,10.47,"064 Hall Turnpike
Port Rachelview, VI 58845",Cancelled,2023-11-20
1582,22,904,238.08,"394 Joan Vista
Lake Chadfort, DC 41491",Cancelled,2022-07-19
9809,60,1185,283.88,"Unit 5578 Box 2500
DPO AE 60420",Delivered,2022-04-07
5553,53,2501,384.55,"9628 Christopher Corner
Jonathanshire, MT 58254",Shipped,2022-11-03
1428,59,2107,433.78,"970 Knight Turnpike
Lake Jessica, IA 66902",Delivered,2023-12-05
1085,14,294,131.85,"3667 Brown Gateway Apt. 545
Jamesstad, AK 44889",Shipped,2023-01-10
6809,52,2459,71.87,"9190 William Brooks Apt. 440
Lake Melanie, WA 46621",Shipped,2023-03-02
6831,136,2029,463.89,"PSC 3188, Box 8619
APO AP 31488",Pending,2022-10-16
9617,90,3361,156.48,"38745 Lauren Keys Apt. 319
North Matthewburgh, MI 53806",Delivered,2022-07-28
7753,9,1196,291.21,"0777 Eric Spring
Nicolemouth, WA 87214",Shipped,2023-06-12
7656,3,2399,104.06,"523 Peterson Spurs
Angelatown, NY 74148",Shipped,2023-11-12
4168,55,3025,244.25,"7975 Timothy Ford Suite 900
New Robertfurt, VT 74296",Shipped,2023-05-15
8020,3,3977,145.84,"0007 Jackson Hills Apt. 820
Alexanderview, MT 81837",Shipped,2023-08-20
9590,98,288,303.42,"945 Kyle Dale
Briantown, NJ 03352",Pending,2023-09-26
5764,44,562,291.6,"312 Sarah Passage
Wilsonborough, VT 92859",Pending,2022-04-26
1161,124,86,49.99,"0875 Brett Shoals Apt. 100
Jamietown, MP 05798",Cancelled,2022-04-16
133,86,377,161.35,"56637 Steven Flats
Flynnshire, CA 68801",Cancelled,2023-06-20
5401,126,941,450.72,"81738 Ramos Spur
Amymouth, LA 95258",Cancelled,2022-07-14
2202,143,1990,72.96,"2130 Hill Branch
Marshallport, AZ 25194",Pending,2023-06-19
820,152,205,332.87,"605 Cynthia Mountains
Amandafort, NY 37714",Cancelled,2022-01-30
8594,128,1587,312.75,"8901 Hays Glen Apt. 311
Wuburgh, HI 72084",Shipped,2023-06-29
7455,25,3174,84.88,"Unit 6005 Box 6940
DPO AE 27168",Cancelled,2023-03-25
4129,21,1753,262.29,"7758 Kristina Passage Suite 904
Omarbury, WI 51073",Pending,2022-09-30
4753,181,1286,117.28,"17909 Nielsen Knolls Suite 858
Jessicaside, IA 24220",Delivered,2023-08-05
1420,153,2920,288.05,"56312 Young Ranch
North Matthew, TX 51339",Shipped,2022-04-18
644,164,1688,56.04,"52316 Audrey Spurs
Port James, CA 92215",Shipped,2022-03-22
1749,161,1279,198.4,"PSC 3568, Box 4122
APO AA 70585",Cancelled,2023-08-07
3841,197,1596,202.65,"7360 Edward Vista Apt. 619
East Elizabethport, GU 38334",Pending,2022-05-25
8938,190,1256,110.38,"990 Murray Wall Suite 395
Port Tony, CT 05205",Pending,2023-05-15
6579,20,1005,434.26,"734 Hines Station
West Victoria, MD 52524",Delivered,2022-04-04
8123,76,3393,330.82,"69773 Jasmine Stravenue
Tamaraport, WV 56229",Pending,2022-03-05
2387,95,3880,432.52,"451 Le Shoal Apt. 891
West Brianhaven, WY 51659",Delivered,2022-11-25
4545,99,1486,394.87,"PSC 4358, Box 6271
APO AE 69323",Cancelled,2022-10-14
7165,45,1432,460.12,"USNS Frost
FPO AP 17176",Pending,2022-01-18
9639,84,1593,38.18,"8543 Jason Stravenue Apt. 480
East Sharon, LA 40275",Cancelled,2022-01-01
3259,121,1773,401.54,"2726 Kelly Corner Suite 630
New Craig, AK 98909",Cancelled,2022-06-20
1879,62,3574,281.38,"266 Dorothy Flat Apt. 956
New Nicoleland, SD 68060",Cancelled,2023-05-27
6725,102,2084,69.95,"52201 Robinson Cliff Apt. 667
New Donaldbury, MA 49681",Pending,2022-10-23
5570,174,592,47.06,"55482 Chris Forks
Mitchellland, NH 73816",Cancelled,2023-07-27
3207,187,1045,199.32,"999 Mark Branch Apt. 323
New Hannah, MH 86769",Delivered,2022-02-18
7021,43,2943,267.71,"887 Brown Port Apt. 364
East Stacy, WY 68660",Shipped,2023-07-31
1500,114,2904,117.63,"PSC 1415, Box 9043
APO AA 71520",Delivered,2023-07-15
8564,52,3931,355.28,"3174 John Land Apt. 336
Robinsonland, MH 22419",Pending,2022-06-22
8496,126,1925,124.33,"289 Carla Roads Apt. 460
New Yesenia, IA 50555",Cancelled,2021-12-10
5763,107,3145,285.93,"47201 Cole Ramp
West Elaine, MS 25282",Shipped,2022-01-04
8807,138,3039,65.59,"2596 Anne Plaza
North Mitchell, TN 80473",Cancelled,2023-10-12
10,60,3138,83.3,"276 John Ridges Suite 824
Gloriaview, HI 28570",Delivered,2023-11-22
1684,22,2499,301.52,"02864 Jerry Port Suite 061
North Joseph, MA 34575",Delivered,2021-12-28
6158,24,497,138.36,"5224 Zachary Trace Suite 870
East Erica, CO 41902",Pending,2023-03-28
6096,148,3987,291.21,"584 Andersen Lodge Suite 592
New Daniel, VI 70304",Shipped,2022-06-07
3244,82,557,53.61,"5729 Mark Knoll
Robintown, HI 82457",Pending,2022-07-23
7999,62,3847,421.71,"5531 Weeks Mews Suite 476
Collierborough, NM 82658",Pending,2023-08-03
2082,46,1948,452.52,"4604 Mary Park
New Randallstad, MH 13582",Delivered,2023-08-25
2928,176,1330,242.34,"3901 Newton Shoals
Port Jessicaport, SC 18842",Cancelled,2022-08-09
7443,181,459,259.2,"590 Peterson Dam
Lake Kennethfort, PR 47814",Delivered,2022-04-12
7744,29,1800,131.63,"499 David Shores Suite 538
Shannonchester, KS 57117",Pending,2022-04-29
5907,127,1465,193.34,"9341 Simpson Gardens Apt. 000
East Debraberg, DE 64006",Cancelled,2023-05-06
8504,87,2614,68.25,"03787 Lauren Mountains
North Jonathanville, MA 05860",Shipped,2023-09-24
8720,27,1398,78.73,"9529 Kyle Inlet Suite 028
Port Ashleyside, MS 90398",Delivered,2022-11-08
7126,43,71,83.3,"59137 White Point
East Janet, SC 68035",Delivered,2023-02-13
5118,47,1376,435.4,"9939 Charles Track
Jacksonstad, WA 81140",Shipped,2022-04-15
6563,174,3908,351.48,"394 Jennifer Ridges
Roseland, ID 94081",Shipped,2023-11-24
1105,143,3107,497.87,"95756 Karen Loaf Suite 751
West Justinberg, MI 05927",Cancelled,2023-03-05
6318,163,971,57.95,"8029 Dawn Ridges Suite 118
New Ryanview, GU 59272",Shipped,2022-03-11
5093,195,3711,400.63,"USS Guerra
FPO AA 62511",Pending,2023-10-26
1845,61,1994,467.75,"92227 Clayton Greens
North Michael, NY 47644",Pending,2023-01-30
7598,193,1638,444.44,"8071 Richard Crossing Suite 731
South Russellview, WI 71962",Cancelled,2023-03-21
7001,18,2918,111.62,"95203 Christopher Cape Apt. 809
Villarrealland, ID 95360",Cancelled,2023-09-19
4024,107,69,46.79,"4041 Bentley Cliffs
Andrewport, GA 75573",Shipped,2022-04-25
9103,2,1764,346.79,"0482 Stephen Pines Apt. 279
Kevinfort, WA 08697",Pending,2022-04-14
5898,21,3725,161.8,"23010 Jacob Pike Suite 865
Katherinechester, MN 35217",Cancelled,2023-08-28
5129,144,2169,202.0,"20184 Chavez Gateway Suite 262
Kaylamouth, CA 91724",Cancelled,2023-05-01
177,87,84,477.51,"13658 Jasmine Plaza
Port Michael, ME 20019",Pending,2021-12-13
3334,113,2655,103.11,"777 David Locks
Port Michael, ND 50608",Delivered,2023-02-01
1577,196,939,338.25,"USNS Kennedy
FPO AA 74031",Delivered,2023-11-23
1075,98,748,217.72,"USCGC Smith
FPO AP 02065",Pending,2022-12-12
3395,110,1427,371.07,"63785 Cruz Shore
Jaimehaven, AS 21680",Pending,2023-03-24
7500,102,1848,95.73,"465 Dalton Crossing
South Lauraport, WY 08899",Shipped,2023-05-07
1240,183,1575,68.74,"8467 Adrian Ridges
North Arielport, NC 23797",Pending,2023-04-19
7235,110,3573,45.59,"Unit 7886 Box 9601
DPO AA 70938",Pending,2022-12-28
6257,87,3629,226.8,"49794 Scott Cove Apt. 979
Brendaburgh, CA 48013",Cancelled,2023-06-15
9862,166,2634,335.74,"7883 Sara Hollow Apt. 152
Port Sarahside, NC 66631",Delivered,2023-08-07
8142,137,509,109.3,"0368 Mason Court Suite 931
South Brianburgh, KS 12374",Pending,2023-11-26
6116,193,3599,44.96,"371 James Shoals Apt. 644
New Stephaniefort, DE 19906",Delivered,2023-08-22
4215,124,2622,303.02,"38098 Tracy Neck Suite 129
West Anna, HI 98204",Shipped,2022-12-21
4974,66,572,330.08,"19323 Kyle Spur Suite 412
Blackwellbury, AK 19696",Shipped,2023-01-08
5866,25,2726,136.24,"520 Jennifer Manor
Lake Robert, PR 15302",Cancelled,2023-08-07
8820,123,3108,420.65,"68119 Hernandez Gateway Suite 939
Obrienmouth, PR 79624",Shipped,2021-12-23
5310,182,84,494.31,"64951 Blake Mountains
Kelseybury, NY 50447",Pending,2023-02-17
383,24,1495,487.9,"345 Timothy Parkway Suite 415
Janiceton, VA 81981",Shipped,2022-07-19
1790,56,3897,329.32,"4974 Harrison Land Suite 150
South Caleb, KY 50199",Pending,2022-07-09
5646,57,394,396.06,"112 Miller Parks
Frankfurt, MA 57715",Delivered,2023-09-25
3330,96,1391,157.3,"540 Young Mills
Georgestad, MO 93120",Delivered,2022-08-09
8400,73,821,175.64,"005 Tommy Inlet Apt. 461
West Kaitlyn, WA 09753",Shipped,2022-02-06
5071,49,509,83.82,"899 Laura Parkways Apt. 845
South Monica, PA 92421",Cancelled,2023-07-12
3407,82,1279,191.51,"3855 Melissa Hill
Bradyfurt, NM 65779",Shipped,2023-02-12
5983,181,2614,381.91,"746 Williamson Divide
South Annaberg, KY 67758",Shipped,2022-02-04
4235,80,3292,64.64,"00168 Hunter Square Suite 424
Jacksonland, MT 76693",Delivered,2023-03-11
2188,79,1984,310.71,"0939 Hill Crest
Kingland, OH 62053",Delivered,2022-04-19
3484,99,1013,210.93,"73945 Ryan Plains Apt. 818
West Paula, FL 42742",Delivered,2022-01-05
4976,11,127,24.31,"5833 Karen Tunnel
Meadowstown, HI 83354",Cancelled,2023-08-07
6008,37,93,491.99,"45111 Hill Dale
East Briannamouth, MN 33005",Cancelled,2022-12-06
6683,163,3280,232.96,"59669 Alan Mission Suite 253
East Joseshire, IL 53447",Pending,2022-01-14
4327,38,412,99.74,"32687 Wyatt Bridge Apt. 298
North Stephanie, KS 77069",Pending,2022-08-23
3004,162,3657,327.19,"72752 Heather Freeway Suite 473
Lake Robertshire, CO 68081",Shipped,2023-07-28
1228,200,653,91.93,"77630 Bennett Via
North Malloryport, PW 68751",Pending,2021-12-19
6807,13,3725,223.7,"15663 Amanda Inlet
Antoniochester, ND 81409",Cancelled,2022-08-28
5507,166,1694,395.4,"95579 Santiago Flats
Hullton, UT 02926",Delivered,2023-08-28
4113,177,1650,18.8,"4877 Travis Ford Suite 179
Fischertown, HI 85939",Pending,2022-04-17
2126,10,3142,374.08,"09424 Corey Causeway Suite 797
West Rebecca, WA 44801",Pending,2023-10-01
3257,152,3403,373.37,"053 Anthony Valleys
Hernandezstad, TX 01992",Pending,2022-09-26
6548,145,3722,284.0,"61651 Castro Islands Apt. 742
North Shawnhaven, MA 41075",Shipped,2023-04-15
9449,167,2132,498.73,"0243 Vasquez Meadow Suite 302
Emilyberg, ME 03759",Shipped,2022-06-07
8892,173,3243,36.01,"80312 Williams Spring Apt. 793
Lorifort, WV 97427",Cancelled,2022-02-04
1668,174,2996,219.48,"32343 Mark Course
West Angelachester, MP 33918",Pending,2023-03-05
924,100,306,390.2,"712 Andre Field
South Paulhaven, MT 08967",Shipped,2023-06-29
6966,173,586,234.18,"189 Guzman Brooks Apt. 875
Cruzview, KS 17973",Pending,2023-06-27
1046,52,1056,191.99,"414 Zachary Wells
Lake Samantha, NV 28721",Shipped,2023-01-28
7057,199,235,325.96,"5099 Gonzalez Island Apt. 825
West Linda, LA 89886",Cancelled,2022-03-27
5544,179,552,296.47,"66668 Owens Land Apt. 898
South Lauraborough, AS 65378",Delivered,2022-11-11
5615,79,1406,227.59,"098 Amanda Via
South Lydia, WI 03554",Cancelled,2023-02-27
6196,87,2650,367.08,"250 Clark Roads Suite 390
North Jasonstad, NJ 29614",Cancelled,2023-05-08
9105,73,3321,326.19,"072 Williams Gardens
Burnsstad, IA 27996",Delivered,2022-08-30
8620,167,3861,383.78,"100 Patricia Springs
South Eric, TX 98990",Pending,2022-05-18
7364,182,1427,44.46,"88707 Bethany Shores Apt. 955
Mooreside, MT 12677",Pending,2022-12-04
707,84,2694,168.52,"188 Herrera Walk
Howellhaven, NC 84207",Pending,2022-10-23
5045,59,629,439.41,"95948 Brandon Neck
Bowenland, NM 81366",Cancelled,2022-04-06
5546,88,637,81.52,"044 Gamble Vista
Lawsonborough, NV 69587",Delivered,2023-05-27
8019,88,3499,65.81,"Unit 9584 Box 3141
DPO AA 08225",Cancelled,2023-04-16
4392,18,500,466.09,"36711 David Overpass Apt. 406
Paulchester, IA 98690",Shipped,2023-08-16
7658,116,2216,19.32,"160 Pierce Overpass Suite 149
Brownton, RI 87950",Pending,2022-12-05
4886,188,3814,359.12,"5165 Richmond Parks Suite 084
Lake Elizabethburgh, WV 39823",Cancelled,2023-07-23
5757,75,116,130.06,"Unit 0844 Box 1588
DPO AA 21806",Shipped,2022-12-15
3931,66,2134,396.44,"5319 Smith Mountains
Anthonyhaven, NM 83339",Shipped,2023-08-24
5035,66,2989,45.43,"71930 Gould Flats
Lake Alisonfurt, MH 48152",Cancelled,2023-11-15
7969,67,1743,214.72,"4655 Haley Overpass Apt. 925
Christinechester, NV 70724",Shipped,2023-05-01
6172,99,861,344.37,"4430 Omar Radial Suite 764
East Jessicabury, CO 71206",Shipped,2022-09-04
2335,55,2239,453.84,"3611 Aaron Groves
Port Christopher, ID 04892",Delivered,2023-04-21
1557,187,811,492.29,"7818 Michael Road
North James, WA 98589",Delivered,2023-06-16
5524,190,1414,125.1,"47063 Diaz Hills
Willisshire, SC 69624",Pending,2022-05-20
9382,119,2048,383.31,"148 April Crest
Patelborough, NV 43930",Delivered,2021-12-24
1524,9,2127,352.8,"029 Trevino Manor Apt. 225
Valeriefort, DC 44580",Pending,2022-10-02
8316,40,3095,483.16,"89331 Crawford Via Apt. 138
Julieton, CO 22477",Pending,2023-04-16
8197,152,3381,329.93,"075 Warner Turnpike Apt. 043
South Cameron, MP 01360",Pending,2021-12-31
5113,45,3021,375.01,"666 Dennis Plains Suite 630
Richardville, NE 70841",Cancelled,2023-06-07
8539,152,2570,35.21,"36859 Underwood Spur Apt. 320
Ralphborough, NV 50868",Shipped,2022-04-22
5178,140,1765,19.43,"5387 Micheal Passage
Martinmouth, NM 05911",Cancelled,2023-08-12
3569,57,3028,285.02,"22671 Kim Green
Shawland, MT 45145",Cancelled,2023-01-27
2108,45,54,406.94,"0837 Smith Square Suite 900
Port Patrickmouth, DE 34692",Delivered,2023-10-29
6455,12,3434,248.97,"86098 Kathryn Ferry Suite 060
Tristanmouth, DE 59678",Cancelled,2022-09-04
3972,71,1131,283.29,"67154 Andrew Meadows Apt. 870
Sherylside, NH 00505",Shipped,2022-05-17
6420,32,2498,280.97,"28061 Alvarez Roads
East Carmen, VT 57112",Pending,2023-03-09
99,129,2972,253.43,"109 Robles Plaza Apt. 574
Johnstad, DC 09973",Cancelled,2022-12-05
4092,75,3611,135.24,"290 Matthew Pike Suite 070
East Rebecca, SD 24900",Delivered,2021-12-27
4903,51,818,198.48,"Unit 5746 Box 5954
DPO AA 73403",Pending,2022-11-11
7035,95,2724,415.6,"04483 Shaw Groves
Alimouth, MN 44039",Cancelled,2021-12-21
1843,72,320,292.51,"14559 Jaclyn Fords
East James, WY 28388",Delivered,2022-05-20
4385,44,3467,367.81,"023 Matthews Meadow Suite 716
West Williamview, IL 62845",Delivered,2022-03-30
5950,83,3536,268.15,"88923 Rodriguez Canyon
Tammyfurt, CT 78862",Delivered,2022-08-22
4434,171,3457,341.52,"38466 Herman Pines Suite 675
Amberburgh, AZ 06601",Delivered,2023-02-19
7972,127,3044,273.58,"1283 Wilkins Prairie
Lake Samanthaview, NJ 10967",Pending,2022-07-09
5686,23,689,313.41,"845 Joan Burg Suite 271
West Jesse, FM 17270",Cancelled,2022-06-01
553,160,2270,366.81,"7599 Wood Street
Burtonberg, UT 79293",Shipped,2023-03-15
4384,95,2234,259.37,"59384 Ryan Tunnel
Brendanside, TX 25779",Shipped,2023-06-02
6949,60,637,393.63,"097 Bradley Ford Apt. 501
Petersonstad, IL 81081",Delivered,2022-06-18
3380,90,1665,363.5,"55590 Parks Springs Apt. 987
Port Kimberlyhaven, PA 96578",Cancelled,2023-09-10
3691,9,3139,218.54,"26193 Kenneth Forge
Longton, MI 96939",Pending,2023-05-23
1312,48,2134,484.51,"USNS Jackson
FPO AE 88177",Delivered,2022-06-17
9454,63,588,258.32,"893 Espinoza Lakes Suite 869
Hopkinstown, OH 92306",Shipped,2023-12-07
8645,75,3119,18.96,"03641 Murphy Spurs Suite 244
Macdonaldberg, MD 86065",Pending,2023-06-24
5614,177,1472,460.8,"05541 Cooper Extensions Suite 945
South Gabriel, MT 87613",Pending,2023-05-13
5836,179,1250,224.85,"195 Peterson Forges
South Chelsea, KS 80341",Delivered,2022-10-25
870,4,365,53.49,"5744 Michael Light Apt. 515
Lake Robinshire, MH 26749",Cancelled,2022-03-23
5840,78,2132,291.44,"53632 Hartman River Suite 675
Lake Adammouth, DE 62036",Cancelled,2023-08-11
5074,68,2731,79.3,"43645 Richard Canyon Apt. 260
Diazstad, NC 00542",Delivered,2023-04-10
409,93,1134,97.66,"060 Connie Well
Lake Robinchester, PR 64259",Cancelled,2022-11-14
1265,50,3497,87.75,"PSC 1722, Box 8759
APO AA 18215",Cancelled,2022-02-20
426,37,513,386.29,"USS Eaton
FPO AA 74383",Delivered,2023-10-08
3240,96,927,430.52,"815 Kayla Flats
New Sarah, DC 64002",Shipped,2023-11-24
9055,47,2868,412.73,"14260 Robert Alley Apt. 139
Wrighthaven, WV 94808",Pending,2022-09-03
1894,94,2585,294.81,"2823 Adam Terrace Apt. 214
North Joshuafort, NM 01302",Pending,2023-12-02
4256,38,87,427.77,"043 Simon Dam
Danielletown, PA 61501",Shipped,2022-05-02
7747,135,171,106.9,"33703 Andrew Bridge
Brianamouth, MP 28825",Shipped,2022-11-28
7369,26,1178,120.15,"1243 April Underpass Apt. 585
New Georgefort, IN 89170",Delivered,2023-08-06
3710,59,652,51.78,"42832 Potter Inlet Suite 134
New Lisaland, CA 28904",Delivered,2022-05-16
6098,189,3972,370.0,"20803 Howe Islands Suite 950
Moodyhaven, NJ 08995",Shipped,2023-09-12
1058,96,240,495.44,"0498 Lopez View
Davisfort, UT 70399",Pending,2022-06-05
5627,58,904,498.64,"3259 Hubbard Branch
Michaelbury, NE 82443",Delivered,2022-09-17
3655,7,3703,427.69,"793 Zimmerman Branch Apt. 846
North Joseport, MP 32441",Shipped,2022-10-18
2477,153,3502,354.71,"39679 Cynthia Mill Apt. 483
Debrashire, MD 19081",Cancelled,2023-01-06
5090,160,2891,28.1,"271 Jacob Forest Suite 506
Roberttown, OK 37122",Cancelled,2023-07-12
1054,55,984,342.14,"35096 King Mountain Apt. 139
Camachoton, ND 06212",Shipped,2023-09-02
608,52,2996,395.68,"USNS Webb
FPO AA 24534",Pending,2023-03-13
1694,116,1257,415.45,"405 Williamson Ports
Lake Jorge, ID 28373",Delivered,2023-11-25
7279,119,2592,340.02,"181 Lee Grove
Heatherbury, IL 05802",Delivered,2023-07-29
5566,1,477,266.66,"2670 Carter Alley
Port Justinbury, AK 19337",Cancelled,2023-11-11
3479,131,2887,324.92,"7972 Mason Turnpike Apt. 188
New John, FL 34109",Cancelled,2023-09-25
8650,171,3588,284.06,"35309 Hansen Crossing Apt. 084
Brandonfort, MH 35118",Delivered,2022-09-01
5391,78,3039,443.87,"4363 Turner Tunnel
Patrickhaven, AS 98703",Cancelled,2023-06-12
7869,14,46,134.46,"69527 Steven View
North Sara, MA 43525",Delivered,2023-03-15
9670,184,1649,221.61,"Unit 3485 Box 2855
DPO AE 92609",Pending,2023-04-23
6672,66,2351,229.5,"25709 Montgomery Junction
Myersberg, ID 72625",Delivered,2022-08-20
9480,69,1056,266.64,"369 Garner Overpass Apt. 685
Houstonhaven, MA 96574",Delivered,2022-12-11
8524,194,1074,376.45,"78438 Mcdonald Lakes Suite 494
New Brian, PA 66538",Delivered,2023-02-04
7169,166,208,392.48,"57560 Hall Extension Suite 639
New Julie, WI 68403",Pending,2022-02-01
7497,174,3392,311.59,"2093 Fernando Courts Apt. 295
Sharpport, MO 09388",Shipped,2023-05-06
8937,20,2417,308.5,"7265 Kenneth Ville Apt. 497
Brianchester, MH 02597",Shipped,2022-09-27
6923,79,2636,347.75,"Unit 4681 Box 6989
DPO AP 36792",Cancelled,2022-12-10
8008,106,3977,107.97,"82875 Reyes Spur
Loristad, DC 41985",Pending,2023-03-16
9884,108,151,235.51,"79090 Austin Harbor Suite 097
Lake Douglasberg, NH 62586",Cancelled,2022-01-16
4166,181,2130,280.37,"4295 Nicole Lodge
Jonesberg, OR 20738",Delivered,2023-03-08
6961,160,139,188.44,"2626 Smith Walk
Port Jameschester, CA 24646",Cancelled,2022-01-12
2984,73,1906,125.21,"USNS Williams
FPO AA 22751",Delivered,2023-10-06
2299,142,202,115.84,"69207 Regina Points
Mahoneyhaven, TN 86300",Delivered,2023-06-16
4268,183,539,120.06,"4376 Whitaker Valley Apt. 618
Gabriellaburgh, OH 78882",Shipped,2022-06-06
83,159,1701,147.64,"2401 William Circle
Thomasport, DC 51634",Pending,2022-03-19
8066,104,661,262.44,"740 Rachel Hills Suite 271
Port Jennifer, UT 37866",Shipped,2023-02-04
9935,196,734,345.12,"Unit 6842 Box 9902
DPO AA 04870",Pending,2023-08-26
1307,194,2928,307.98,"25719 Smith Crescent Apt. 165
Collinsland, IN 95583",Delivered,2023-03-14
2812,38,2865,432.94,"23513 Sean Springs
Priscillaburgh, AR 61610",Pending,2022-02-15
8278,6,1638,31.15,"5857 Andrade Circle
Kathrynchester, ID 95677",Delivered,2023-11-01
7252,111,1338,160.43,"893 Joshua Port Suite 276
Devinbury, VA 19369",Delivered,2022-06-17
8919,44,1473,34.86,"79101 Kelly Springs
East Danielhaven, OH 50689",Delivered,2022-07-20
5537,196,2069,89.6,"81047 Jason Dam
West Markside, KS 11523",Delivered,2022-11-29
2585,131,2639,499.18,"697 Louis Ville Apt. 083
West Michaelburgh, GU 31362",Pending,2021-12-10
8298,72,687,90.11,"02910 Sergio Pass Suite 267
Juliaport, WA 60809",Delivered,2023-10-04
3239,34,882,16.58,"35823 Martinez Island Apt. 561
West Chase, VI 35950",Shipped,2023-09-04
9304,147,1403,282.01,"286 Michael Highway Apt. 132
Mcdanielside, HI 11091",Pending,2023-01-06
2731,119,2667,275.15,"281 Christine Loop Suite 722
Lake Christopher, FM 20176",Pending,2023-07-24
9903,44,3057,143.44,"90981 Cindy Square
East Jamiechester, MT 45009",Cancelled,2021-12-11
2481,163,3583,475.78,"8289 Roy Spur Suite 387
New Brianport, TX 89062",Cancelled,2022-06-27
5771,17,1892,479.77,"686 Curtis Branch Apt. 663
New Christine, VA 20290",Delivered,2021-12-21
5107,1,2505,157.43,"9211 Gary Wall
Teresaland, NV 17756",Delivered,2023-05-03
4779,194,3321,430.7,"89994 Kelly Points
Danielchester, WA 95182",Shipped,2022-03-30
9648,35,1061,181.72,"2393 Flores Wall
Millerfurt, GU 03375",Cancelled,2022-05-08
7564,75,2972,88.96,"623 Lewis Pines Suite 588
Port Phyllis, MI 26961",Shipped,2022-06-20
6058,168,1712,420.67,"04754 Amanda Locks
Marquezfort, IN 14925",Cancelled,2022-06-19
9980,44,1998,313.89,"854 Brittany Meadow Apt. 272
Brittanyshire, NH 76735",Pending,2023-07-01
9250,180,1427,184.33,"69473 Williams Lodge
Frankbury, PA 48488",Cancelled,2023-01-18
8359,43,415,465.68,"4360 Pierce Corners
North Pamelamouth, VI 79163",Delivered,2023-02-17
7838,45,2070,322.96,"1102 Fritz Divide
Tammyhaven, TN 55504",Shipped,2022-09-01
322,141,3300,13.73,"913 Debra Union
Maryfurt, IL 30015",Delivered,2022-06-23
4489,77,373,490.38,"50611 Tina Orchard
Port Jeremy, HI 96988",Delivered,2023-02-10
1735,171,2619,60.46,"Unit 8225 Box 1692
DPO AA 33103",Delivered,2023-01-15
3031,50,702,239.21,"8126 Joseph Camp Apt. 400
Taylortown, NE 93655",Delivered,2022-08-20
8793,188,3998,234.04,"58144 Smith Tunnel Suite 834
East Julieshire, DE 87084",Delivered,2023-09-08
8026,174,1849,100.93,"21317 Hughes Roads
East Kathrynland, NJ 21517",Delivered,2023-03-07
4428,89,3144,471.36,"8334 Simmons Estates Suite 503
Laurenport, VI 50363",Shipped,2023-07-20
7733,67,2639,110.06,"22882 Black Points
Jordanton, VI 69318",Shipped,2022-08-07
9732,72,447,323.67,"Unit 7665 Box 3879
DPO AP 79212",Cancelled,2022-03-11
6659,20,1120,57.0,"623 Lawrence Wells
Jasonburgh, TN 70762",Delivered,2023-10-30
8599,182,1628,451.68,"32364 Mary Highway
Port Teresa, FL 16122",Shipped,2023-02-07
80,129,567,116.58,"25787 Bautista Unions Apt. 996
Ferrellfurt, CA 22709",Shipped,2022-07-06
2286,159,1565,383.07,"Unit 5203 Box 2068
DPO AA 35871",Cancelled,2022-08-28
5735,47,3214,214.37,"79451 Wagner Lakes
North Amber, VI 30758",Delivered,2022-05-23
6645,46,313,245.53,"3196 Kerr Center Apt. 037
Michaelside, WA 29917",Shipped,2022-09-07
6128,76,2559,189.27,"33621 Patrick Cove Suite 797
Port Calebport, ND 28118",Pending,2022-07-02
7535,60,464,286.19,"1002 Gonzalez Mount
Mcdanielborough, MI 73803",Delivered,2022-12-19
5884,129,1975,318.35,"7859 Eric Keys
Reneeborough, KY 18362",Shipped,2022-06-13
7883,180,1757,347.88,"77064 Steven Underpass
Jessicaborough, UT 61722",Cancelled,2023-08-09
2840,146,2303,69.31,"08561 Curtis Roads
North Jessica, HI 85277",Shipped,2022-01-26
1739,1,3547,104.77,"255 Hamilton Dale Suite 151
South Ronaldmouth, MN 96066",Pending,2022-04-16
660,193,682,185.9,"61864 Nicole Field Apt. 655
Port Alexandria, IA 36323",Shipped,2023-01-29
9023,140,257,273.27,"98129 Laura Way
Millershire, IL 13755",Shipped,2023-10-31
4970,103,632,302.01,"651 Sandra Shores Suite 245
New Tommy, DC 73808",Pending,2022-05-02
4336,71,1373,459.06,"PSC 0171, Box 6821
APO AE 23475",Pending,2022-02-18
2266,72,3203,350.15,"7943 Cole Square Apt. 786
Thompsonbury, IL 76910",Delivered,2022-09-15
451,2,2399,494.48,"914 Nancy Hills
North Victorhaven, MP 12624",Cancelled,2021-12-19
6270,76,80,154.84,"25817 Gregory Greens
Lake Christina, PR 15217",Shipped,2022-06-02
3077,88,1133,309.76,"769 Robbins River Apt. 659
East Shane, IN 53716",Delivered,2023-03-21
4427,75,470,261.62,"93024 Lisa Park
Johnhaven, KS 98804",Pending,2023-10-14
844,148,2247,466.28,"825 Martin Landing Apt. 129
Andreburgh, AK 18314",Shipped,2023-10-30
8038,139,2270,476.08,"7806 David Islands
Dawnfort, MP 70294",Delivered,2023-10-13
2412,24,2276,187.8,"9495 Brown Vista
Port Ruth, ME 75531",Delivered,2023-01-16
564,132,2744,91.52,"1178 Schultz Spring
Nelsonmouth, CO 86369",Delivered,2022-09-03
5895,77,2679,64.65,"97883 Sullivan Fords
East Seanland, FM 10588",Cancelled,2023-06-20
5435,22,1738,168.22,"5118 Tiffany Vista
South Ryanchester, RI 41573",Delivered,2022-10-10
6138,164,2370,213.29,"156 Nelson Skyway
Lake Justinville, VT 40958",Delivered,2022-03-27
8836,123,1577,344.52,"57552 Larsen Plaza Suite 691
Richardmouth, VA 01302",Pending,2022-07-11
2041,116,1157,129.72,"8706 Steven Lodge
Jacksonborough, MT 37821",Pending,2023-09-17
3127,90,3021,296.43,"7993 Jones Garden
East Bernard, MD 69757",Shipped,2023-04-13
5531,44,2876,417.34,"Unit 6619 Box 8251
DPO AA 97996",Cancelled,2023-07-10
5357,121,251,332.56,"USNV Rosales
FPO AP 96259",Cancelled,2021-12-12
4348,176,1403,234.45,"61198 Allen Drive
Webbville, FL 45291",Cancelled,2023-01-08
7669,178,1974,167.22,"5418 Alan Pine Apt. 477
New Donna, SC 94467",Delivered,2023-04-20
4792,24,2303,182.68,"520 Curry Stream
Port Joanne, AS 30989",Cancelled,2022-11-25
5555,69,3106,282.85,"454 Alex Locks Suite 168
Lake Alyssastad, MI 09261",Pending,2022-04-05
6669,40,528,291.95,"17354 Wheeler Circle
Jenniferton, NY 08836",Cancelled,2022-06-05
1339,86,3321,464.83,"82536 David Summit Apt. 474
Edwardsmouth, GU 62000",Delivered,2023-03-24
9907,13,1513,360.33,"346 Luke Roads Suite 276
Larsenmouth, OH 23907",Delivered,2023-02-08
3121,112,2213,367.35,"95682 Greene Forks
Gilbertbury, MT 43297",Shipped,2022-06-05
1584,166,3721,228.84,"96500 Carr Plain
Davisshire, MI 19897",Cancelled,2023-11-09
2702,180,497,426.65,"65113 Smith Spring Suite 259
North Scott, VI 26768",Delivered,2022-02-20
5345,172,2692,94.6,"2866 Turner Forges
Donnaview, TX 76754",Pending,2022-10-28
972,158,535,207.28,"7399 Harrison Tunnel
Riosfurt, VT 32150",Shipped,2022-06-29
1871,157,1293,472.58,"5362 Cole Roads Suite 247
Laurenbury, OK 93243",Shipped,2022-08-23
6663,69,3894,275.08,"3153 Rodriguez Rue
Wallaceview, PA 21814",Shipped,2022-06-03
3511,33,3840,303.81,"02426 Gallegos Stream Suite 958
Hesterville, MP 00843",Delivered,2022-06-02
3262,177,1693,200.21,"Unit 1976 Box 4751
DPO AA 18286",Cancelled,2023-05-08
5923,158,252,380.86,"93238 Henry Wall
Murphyview, MA 24722",Cancelled,2023-08-31
2271,156,636,320.65,"0482 Yang Terrace Suite 885
Billyview, NM 64582",Cancelled,2022-10-19
2677,90,3191,453.21,"9076 Kaylee Park Apt. 450
Danielmouth, ID 04510",Shipped,2023-06-06
321,145,922,139.14,"30473 Larson Springs
Sandraburgh, NV 68194",Delivered,2023-05-18
2781,96,1745,487.17,"701 Maria Lights Apt. 141
Jacksontown, OR 37565",Pending,2022-07-11
4680,165,2346,339.5,"096 Johnson Parks
South Sandra, CA 23416",Shipped,2022-01-29
8192,38,434,257.17,"7389 Peterson Fall
Langberg, ME 89206",Shipped,2023-09-21
4722,22,3424,366.45,"23067 Cox Mews
New Zacharyview, OH 12286",Cancelled,2022-03-29
1432,8,1068,52.96,"4273 Katherine Place
Lancebury, MI 89401",Cancelled,2022-11-29
1344,156,1340,369.65,"16070 Monroe Corners Apt. 167
Jacobton, PW 39230",Pending,2023-05-13
8,13,3504,359.64,"5166 Suzanne Squares
South Maryside, WY 24812",Shipped,2022-07-22
2828,199,653,451.65,"52372 Brenda Green Suite 312
Graytown, MS 57715",Delivered,2023-11-22
3355,167,937,427.26,"3065 Michelle Causeway
Port Jose, WA 35843",Shipped,2023-03-12
3869,80,3571,63.72,"Unit 8798 Box 9105
DPO AP 16971",Cancelled,2022-06-21
9511,128,834,497.71,"66921 Jason Fields Apt. 288
Mendezmouth, OK 71963",Pending,2022-02-18
7110,8,2328,412.25,"962 Smith Circle Suite 934
Richardsport, KS 90759",Pending,2022-04-21
5012,33,3770,221.55,"465 Ashley Passage
Gregoryland, NM 40987",Cancelled,2022-09-11
7541,4,2245,446.04,"1885 Cummings Fords
Clarktown, MA 39663",Delivered,2023-11-16
8719,2,3119,234.85,"1720 Rollins Mews Apt. 637
Browntown, MD 86909",Shipped,2023-09-15
1483,117,3221,475.25,"8433 Nguyen Springs
Paulafurt, PW 48825",Shipped,2023-02-01
3206,159,3708,302.52,"Unit 5472 Box 9230
DPO AA 82607",Shipped,2023-06-02
6879,117,2441,132.41,"4387 Allison Estates Apt. 548
East Breannabury, GU 13697",Shipped,2022-12-25
4227,129,535,131.42,"7938 Richardson Way Apt. 446
Lake Tanya, KY 82835",Cancelled,2023-03-01
8106,189,1575,203.06,"75269 Heather Overpass Suite 757
Kathrynton, ID 32153",Cancelled,2023-05-13
556,193,2294,386.37,"PSC 4368, Box 1019
APO AP 00618",Shipped,2023-05-15
7844,42,2682,145.3,"0370 Rocha Manors
Lake Bryanville, OK 77980",Cancelled,2023-08-01
1631,81,1559,96.24,"969 Davis Estate Apt. 235
Beasleyville, NH 70340",Cancelled,2023-04-19
8214,60,2592,362.35,"35807 Lisa Ferry
New Nicole, KY 90398",Delivered,2023-05-26
9413,121,447,422.33,"553 Fields Oval Apt. 974
Lake Michael, RI 31694",Delivered,2023-07-29
5600,190,596,274.72,"19673 Tiffany Fields
West Heather, NM 30829",Pending,2022-03-10
902,71,3770,409.99,"730 Keith Rapid
South Laurie, OK 74472",Delivered,2023-05-12
2933,125,175,419.5,"1797 Blanchard Lights
West Jacobmouth, WI 16589",Delivered,2023-02-21
1974,94,1668,464.15,"USNS Mcmahon
FPO AP 63792",Delivered,2022-04-09
6867,36,990,221.31,"921 Christine Spring
East Jeremyland, MS 34107",Shipped,2022-05-27
1360,64,105,335.07,"67330 Elizabeth Viaduct
Matthewshire, VI 72671",Delivered,2023-03-28
4637,15,242,118.41,"749 Brooks Forest Apt. 927
Travistown, MA 36883",Pending,2022-04-25
7224,84,592,162.94,"885 Regina Island Apt. 215
East Joshuafort, NY 68907",Cancelled,2023-09-05
2699,159,2,131.28,"5062 Reilly Burg Suite 470
South Kristine, NM 72392",Shipped,2023-02-02
198,8,2365,242.63,"83769 Scott Radial
Riddleside, MS 38341",Delivered,2022-05-03
6219,107,2779,293.17,"359 Cuevas Expressway
East Mitchell, AR 54669",Shipped,2023-10-27
4172,65,2461,395.09,"6491 Wendy Cape
Elizabethtown, WV 46815",Delivered,2022-08-18
1751,17,1370,210.76,"519 Michael Port Apt. 730
Smithchester, RI 45453",Pending,2022-06-11
7730,82,2928,179.02,"324 May Groves Apt. 387
Fosterborough, OK 45480",Delivered,2022-04-12
6738,83,1523,90.46,"82414 Coleman Lock
Christown, WI 97156",Shipped,2022-07-26
2195,134,3137,355.01,"76117 Maddox Keys
Port Michaelmouth, LA 66470",Shipped,2022-12-14
8191,151,867,469.46,"949 Thompson Cliffs Apt. 400
West Mary, NC 26729",Shipped,2022-08-16
8808,4,2963,282.85,"004 Karen Mission Apt. 855
Williamfort, MH 12678",Delivered,2022-05-12
9461,173,805,243.94,"8903 Gilbert Prairie
Danielsborough, VT 39822",Shipped,2022-07-17
2432,167,1265,424.43,"PSC 3381, Box 3418
APO AA 78636",Cancelled,2023-07-19
6271,61,3363,368.98,"48554 Michael Turnpike Suite 298
Kochville, VI 10219",Delivered,2022-02-28
1905,119,497,87.25,"173 Walters Forge
Joshualand, IL 35332",Cancelled,2023-07-11
9953,191,2564,95.77,"6038 Gordon Passage Apt. 249
North Jamie, OK 22647",Pending,2022-07-19
3684,75,3944,24.3,"6466 Williams Parks Suite 509
West Christopherton, AS 45151",Shipped,2022-03-06
3752,185,1224,239.07,"9465 Lewis Street
Nicolehaven, KY 43087",Cancelled,2022-01-31
8958,162,3284,77.83,"57024 White Burgs
Catherinehaven, WV 94276",Shipped,2023-07-24
1897,96,1178,452.5,"7813 Griffith Throughway
Harrisland, WI 37018",Cancelled,2023-03-30
511,145,1724,117.92,"4059 Williams View
Lake Jose, NY 32890",Delivered,2023-11-20
6766,65,1548,466.95,"02492 Carla Centers Apt. 831
Lake Lindsey, AL 49779",Shipped,2022-03-01
4812,126,2130,364.39,"09392 Jimmy Flat Suite 091
East Shawn, OR 14883",Cancelled,2023-01-17
4808,111,1612,165.67,"518 Christopher Gardens Suite 616
Lake Sarahbury, WI 57090",Pending,2022-12-22
1251,146,2303,457.67,"814 Kathleen Shore Suite 750
New Chloe, IL 53760",Shipped,2023-06-23
477,162,3025,481.14,"87681 Simpson Plain
Emilyfurt, NY 58699",Delivered,2023-05-02
7407,75,455,458.35,"8539 Mark Locks
Kathleenside, AL 09614",Pending,2022-03-01
3749,186,2314,250.85,"325 Simmons Manors Apt. 042
South Gary, NY 77213",Pending,2022-08-13
3286,9,2476,398.68,"74089 Curtis Circle
Sarafurt, KS 55092",Delivered,2022-07-23
3884,74,2600,496.4,"57553 Patrick Lodge
Michaelchester, IL 88288",Delivered,2023-08-15
5055,42,3052,100.15,"50191 Patricia Village
Lake Hollychester, AK 68215",Delivered,2022-09-27
209,102,635,494.6,"0842 Todd Ford
Jacksonton, SD 17158",Cancelled,2022-04-18
8974,120,1602,386.33,"66981 Tammy Rue Apt. 193
West William, WV 64512",Pending,2023-08-18
3067,13,1177,185.52,"90197 Wagner Street Suite 663
Port Codymouth, OK 18134",Delivered,2023-08-18
7197,10,156,286.43,"3426 Hammond Shoal Suite 612
Holmesmouth, AR 92632",Pending,2023-06-13
5179,12,3699,54.61,"6234 Merritt Lodge
East John, SD 60838",Shipped,2021-12-11
9632,3,566,56.07,"950 Zachary Locks Suite 083
Danielschester, FL 39985",Cancelled,2023-02-21
8480,23,877,331.18,"766 Garcia Overpass
West Franktown, SD 02213",Pending,2022-07-20
9423,45,1541,25.62,"2861 Jill Terrace Apt. 464
Haletown, MO 64370",Pending,2022-08-02
9773,103,3574,163.14,"07519 Booth Knolls
East Tylerburgh, IL 52809",Pending,2023-11-28
2478,27,986,191.43,"31518 Perry Roads
West Sarahview, WV 50812",Shipped,2023-09-22
8962,178,815,285.76,"03800 Perry Corners Apt. 283
New Maryfort, VI 17499",Shipped,2023-04-18
7112,9,2940,253.65,"060 David Meadow
Clinefort, SD 92249",Delivered,2022-11-21
6454,12,470,99.18,"9066 Sean Path Apt. 601
Scottfurt, KY 77000",Shipped,2023-09-17
6736,66,822,65.06,"8321 Day Corners
Port Katherinefort, CO 75579",Pending,2023-08-18
314,99,1220,198.64,"6094 Fields Stream Suite 272
South Jacobfort, VI 06513",Shipped,2023-02-19
7975,43,3566,488.91,"8015 Wu Path
Nielsentown, PA 12298",Cancelled,2022-11-26
1310,194,2997,349.08,"582 James Run
South Jeremy, MA 84808",Delivered,2022-01-23
1039,123,1751,229.17,"57216 Jerome Islands
New Matthew, MT 98069",Shipped,2022-03-19
6519,182,1834,235.23,"890 Joshua Isle Apt. 642
New Eugenetown, LA 42531",Cancelled,2023-06-30
3675,194,563,245.09,"43200 Gonzales Road
Kevinport, OR 23354",Shipped,2022-12-15
4012,49,1986,116.29,"1350 Lopez Stravenue Suite 674
Fordland, LA 55993",Delivered,2023-07-29
91,85,1353,239.98,"Unit 4676 Box 1438
DPO AA 36665",Pending,2023-05-26
7343,25,211,59.4,"11700 Bullock Crescent Suite 377
East Scottview, UT 58988",Pending,2022-05-16
7663,167,1169,416.98,"4874 Tanner Junction Apt. 896
North Richardtown, MN 22545",Delivered,2023-06-07
4719,61,887,205.94,"407 Emily Fort Apt. 943
Duarteborough, IL 43076",Cancelled,2022-11-28
928,73,3040,124.77,"89850 Maynard Villages
Lake Jamie, DC 48647",Cancelled,2022-02-24
7749,158,2198,233.05,"893 Turner Springs Apt. 875
South Joshua, NC 85776",Shipped,2023-03-15
3865,7,1376,316.95,"283 Cunningham Mountains
Lake Barbaratown, GU 17281",Pending,2022-12-26
4441,178,3723,287.8,"19748 Carl Centers
Williamfort, AL 67863",Delivered,2023-06-22
585,6,296,56.16,"1906 Rachel Prairie
South Kristaport, WV 90910",Delivered,2022-08-04
378,155,40,214.23,"12638 Molina Forks
Port Steven, UT 18629",Shipped,2023-05-22
5303,156,1605,355.62,"749 Angelica Lodge
North Johnfurt, MD 41625",Shipped,2023-07-21
7652,200,3469,362.53,"341 Marcus Meadows
Stewartmouth, KY 53468",Cancelled,2023-07-09
8294,165,673,23.85,"455 Kristi Overpass Suite 214
West Markside, NV 25429",Delivered,2022-11-11
9424,43,2926,110.16,"0526 Green Club Suite 676
South Nicole, CO 49696",Cancelled,2022-07-11
4082,123,1223,234.33,"58384 Kelly Park
Catherineside, SD 85153",Cancelled,2022-03-27
2665,20,125,349.2,"79336 Michael Mount Apt. 151
West Victorialand, MP 89107",Pending,2023-04-15
6814,101,2213,229.49,"65344 Emily Ranch
West Keithmouth, TN 70613",Pending,2022-03-02
3996,174,2507,249.32,"841 Paul Flats Apt. 673
Brownshire, MI 97920",Delivered,2022-07-11
3775,122,1990,422.06,"577 Michael Knolls Apt. 273
West Annhaven, CA 17619",Pending,2022-07-28
1872,200,151,246.92,"785 Sutton Court Suite 836
Amyfort, NC 43694",Shipped,2022-04-04
2319,191,825,382.5,"9158 Danielle Camp
Leeberg, NJ 92307",Shipped,2023-05-26
2751,39,3170,218.5,"77911 Samantha Port Apt. 411
Lake Danielle, CT 00585",Cancelled,2022-12-09
4187,113,2629,177.45,"00977 Amanda Mission Suite 380
Lake Lisa, MH 14477",Delivered,2022-11-06
37,55,660,36.97,"889 Holmes Spring Apt. 357
North Andreamouth, GA 13450",Pending,2023-05-07
627,184,3172,179.94,"403 Adrienne Prairie
West Martin, CA 43138",Pending,2023-08-01
4277,116,57,285.07,"97695 Craig Isle
Austinshire, AK 48702",Pending,2023-08-02
3490,35,2069,127.37,"237 Michael Plain Apt. 355
Christieside, ID 01922",Delivered,2023-05-31
132,134,3643,251.31,"47176 Daugherty Fords Suite 993
Mckaybury, KS 94781",Shipped,2023-12-04
1145,56,2926,35.48,"907 Todd Valleys Apt. 992
New Stevenland, DC 33003",Delivered,2022-06-10
9719,14,3363,222.34,"268 Gail Lakes Suite 549
Katieside, CA 30619",Cancelled,2022-05-28
5588,197,606,498.29,"1364 Theodore Turnpike
Delacruzbury, AZ 71732",Pending,2022-07-20
8863,14,1495,233.64,"Unit 5832 Box 7295
DPO AA 41488",Pending,2022-07-23
9258,105,2294,412.42,"93222 Samuel Ridges Suite 824
Lake Gavinmouth, MI 46998",Cancelled,2022-08-08
9917,104,377,311.45,"039 Debbie Unions Apt. 516
Allenfurt, AR 72579",Pending,2023-09-17
3156,190,3433,499.65,"88975 Charles Motorway Apt. 177
Port Jason, MD 32450",Pending,2023-09-28
3541,171,3242,367.76,"7905 Hood Parkways Apt. 471
Wardton, OH 80050",Pending,2022-05-21
2230,136,1526,239.27,"83871 Hall Summit
Osbornfurt, OK 32695",Cancelled,2023-11-25
7013,71,105,140.52,"49580 Darlene Mountain Apt. 085
Port Sarahborough, PA 08666",Delivered,2023-06-07
8789,147,208,467.23,"323 Matthew Isle
Walterstad, MH 48472",Pending,2023-08-04
7231,52,2682,287.75,"059 Ward Tunnel Suite 411
South Amyfort, AS 08002",Cancelled,2023-10-15
2465,157,53,10.44,"440 Heidi Burg Apt. 596
New Kristinburgh, AZ 87519",Delivered,2022-12-15
9175,112,1342,171.47,"USCGC Schneider
FPO AE 06494",Shipped,2022-11-02
7257,5,2202,45.66,"173 Anthony Squares Apt. 636
Karaville, CT 19148",Pending,2022-02-05
3485,160,2159,197.17,"9793 Robert Park
South Kathleen, MN 27150",Shipped,2023-09-10
6198,40,406,358.62,"76876 Howard Vista Suite 499
North Kenneth, PR 72576",Pending,2022-12-19
1545,60,745,317.12,"7412 Henderson Trail
Clarkstad, CA 00593",Delivered,2022-12-27
7355,165,649,466.58,"94186 Brown Prairie
Gutierrezport, NJ 89782",Cancelled,2023-11-12
8618,199,3799,476.96,"45899 Smith Ville
New Virginiafurt, NJ 33076",Delivered,2023-03-01
9314,131,69,216.66,"516 Adrienne Station
Seanhaven, FM 19442",Pending,2023-10-09
9281,175,3121,275.35,"PSC 0297, Box 9918
APO AA 29787",Pending,2023-03-13
3411,60,3572,15.46,"65808 Cabrera Ramp Suite 720
Port Brian, AK 61440",Delivered,2023-02-15
7025,37,73,302.38,"9763 Jones Ridge Apt. 271
South Sharon, IN 06815",Delivered,2023-10-19
613,80,1135,469.75,"111 Hamilton Dale Apt. 174
Nicholashaven, VA 22074",Shipped,2022-09-28
160,42,1412,267.65,"28333 Page Mountains
Lake Steven, CO 61227",Delivered,2022-12-05
9795,99,3731,150.03,"65637 Mooney Points Apt. 142
Bakerfort, MT 88291",Delivered,2022-03-20
9249,76,2469,496.65,"870 Keller Fort
North Ashleyshire, GU 36741",Shipped,2023-10-12
8299,76,1609,260.05,"6089 Scott Groves
Port Sean, NV 66042",Shipped,2021-12-09
6926,29,2589,417.13,"67442 Allen Landing
South Patriciahaven, CA 73169",Delivered,2022-01-13
6442,108,2315,406.86,"4401 Nguyen Ports
Lake Meganburgh, IA 01263",Cancelled,2022-04-21
8562,140,2011,14.72,"2892 Moore Meadows
Mileshaven, MH 88129",Pending,2023-04-19
7841,101,2055,387.03,"75869 Susan Villages
East Ricky, OK 90951",Delivered,2023-09-06
8249,128,998,481.44,"828 Klein Mountain Apt. 848
New Kevinville, SD 79518",Pending,2022-02-10
8474,125,2947,306.65,"028 Brenda Extension
South Gerald, PW 29424",Shipped,2022-02-16
1290,59,386,82.15,"1547 Savannah Isle
North Kelli, FM 49723",Shipped,2023-05-11
8345,199,1038,185.61,"74787 Gary Knolls
Jacksonmouth, NV 07531",Shipped,2023-05-24
9728,171,1827,133.15,"88314 Jackson Drives
East Jaredshire, MO 85607",Delivered,2022-09-05
6599,96,1776,265.94,"436 Chelsea Hollow Suite 671
North Richard, PA 65513",Cancelled,2022-06-26
2932,118,2530,43.36,"09966 Paul Prairie
Lauriechester, NH 06680",Pending,2023-10-26
4259,136,2692,485.55,"98843 Garcia Gateway Suite 052
Moonberg, MS 54718",Cancelled,2022-01-05
4369,166,2556,458.58,"44330 Craig Rapid
Louisberg, IN 15396",Cancelled,2023-01-03
438,174,635,255.25,"77828 Terrell Light Suite 791
Gabrielside, MO 71762",Shipped,2022-04-12
7073,91,3725,440.31,"655 Fisher Circles
East Patricia, WY 49209",Cancelled,2023-02-03
1188,195,3922,220.73,"5763 Ryan Dale
Austinhaven, OH 87348",Cancelled,2022-11-22
6461,105,1183,356.78,"71688 Jonathan Mews Apt. 788
Stephenchester, CA 20360",Delivered,2023-08-10
1131,150,1992,287.64,"75553 Elizabeth Parkways Apt. 571
New Jaredburgh, VT 20371",Cancelled,2022-02-15
727,39,296,88.75,"028 Chloe Islands Suite 257
Port Derek, WI 56630",Pending,2023-08-12
9189,166,1295,203.6,"80146 Miller Rue
Port Angela, VA 81672",Cancelled,2023-01-01
3223,103,3373,241.96,"91039 Crystal Island
Kayleefurt, RI 75011",Pending,2023-07-24
2420,164,2518,220.67,"03137 Roger Trace Suite 589
Port Derek, NE 34865",Pending,2023-08-14
1496,50,83,211.87,"1838 Tasha Glens
Floresberg, ME 56735",Pending,2022-08-16
9989,101,3784,146.29,"33136 Jennifer Lights
West Robin, AK 22256",Shipped,2022-03-27
513,65,1501,152.0,"24525 Brad Track Suite 394
New Kevin, HI 57875",Cancelled,2023-01-04
9421,137,3231,26.36,"0880 Hunt Path Apt. 387
Lake Peter, IL 79615",Delivered,2023-01-05
3189,44,382,296.84,"1743 Jackson Mount
Michaelhaven, VA 74711",Delivered,2022-05-23
5560,188,428,436.98,"75852 Mueller Island
Williamsshire, ME 49331",Delivered,2023-10-23
4540,170,3566,367.22,"1511 April Highway
New Adamberg, VT 98964",Delivered,2022-07-12
3722,32,1695,107.39,"USS Graham
FPO AE 64457",Delivered,2023-10-05
4490,16,239,456.42,"17076 David Haven Apt. 679
Wardchester, NJ 41088",Delivered,2022-04-21
1617,164,3370,197.05,"09519 Jennifer Rue Apt. 976
South Jessica, TX 31900",Pending,2022-12-12
2445,75,3243,447.15,"467 Christina Parkway
Heatherfurt, WA 83603",Shipped,2023-09-12
3989,153,1055,64.17,"10699 Nicholas Streets
East Lorifort, RI 62863",Shipped,2023-04-01
6394,85,2694,391.32,"6016 Kimberly Village
Wisefort, LA 51740",Cancelled,2023-10-11
5759,158,3693,162.52,"3707 Sarah Fields Suite 879
Wilkinsonburgh, AK 30976",Delivered,2022-04-28
6284,118,2777,39.28,"99477 Moore Mall Suite 897
East John, OH 93303",Pending,2023-06-09
691,3,1706,37.99,"02322 Galvan Bridge
New Debra, LA 49873",Shipped,2022-07-02
6684,57,871,96.74,"PSC 0094, Box 5187
APO AE 41227",Pending,2023-02-20
1365,25,2789,165.22,"22246 George Village
Ericland, LA 31888",Pending,2023-01-11
4962,189,1056,159.01,"9166 Young Motorway
South Melissabury, HI 65174",Delivered,2023-11-25
1841,33,1295,332.25,"5428 Arias Islands
Wellsstad, ME 31696",Cancelled,2022-05-20
2617,12,1565,154.05,"47917 Joseph Points Apt. 166
Lake Tonya, NC 41814",Pending,2023-08-21
4296,11,791,21.5,"5829 Shaw Loop
Fernandezberg, WV 66774",Pending,2022-07-20
5668,187,74,265.4,"36586 Maynard Shoals
North Edward, AS 89712",Delivered,2023-09-25
1171,37,2739,153.85,"1881 Kyle Route Apt. 118
Georgeview, NJ 23645",Pending,2022-07-19
2460,149,2559,197.91,"78968 Carol Crescent Suite 485
Travisborough, DE 83035",Pending,2023-05-31
7542,87,2864,69.42,"30739 Escobar Manor
Carriefort, VT 50431",Cancelled,2022-07-09
4461,183,1416,94.25,"6640 Neil Rapid Suite 116
Masonmouth, ND 54340",Shipped,2023-06-05
1672,55,3242,55.54,"23941 Robert Gateway
South Keithview, HI 83203",Cancelled,2023-07-17
4654,27,3588,284.27,"94272 Fisher Islands
West Ashley, PW 20156",Shipped,2022-09-11
4689,161,1147,327.99,"25844 Campbell Brooks
East April, MP 45335",Delivered,2023-02-18
7828,107,562,131.14,"979 Gregory Fort
North Chad, VI 18359",Pending,2021-12-15
2688,81,2546,411.71,"511 Richard Points Apt. 364
Jacobbury, VI 27865",Pending,2023-03-06
1267,131,2161,22.79,"4726 Laurie Causeway Apt. 004
Port Amyhaven, MI 27229",Shipped,2023-07-03
3940,139,2824,18.54,"333 Gerald Crossroad
West Brandon, IA 56816",Shipped,2022-03-14
5733,190,2162,177.07,"314 Gregory Heights
Lake Erinton, IL 72856",Delivered,2023-11-30
9760,132,2947,318.82,"822 Brittany Forge Suite 535
Port Aaron, AZ 19259",Shipped,2022-10-10
8658,75,23,24.23,"5794 Clark Inlet Suite 300
Patrickport, GU 74654",Delivered,2022-12-07
8223,159,2506,374.21,"14879 Joseph Lakes Apt. 197
Jameschester, IN 58411",Cancelled,2022-02-21
8683,174,3940,58.38,"55929 Brown Streets Suite 934
South Brettshire, NH 57770",Cancelled,2022-03-01
3487,190,2543,343.19,"636 Patricia Throughway
Port Nicole, HI 93340",Pending,2022-05-25
8227,121,1537,394.23,"405 Brittney Vista Suite 664
Thomasshire, MN 20575",Pending,2022-11-18
2242,44,3954,384.58,"8566 Brandy Isle
Crossberg, ME 29991",Pending,2022-07-16
3364,54,2793,222.5,"126 Clark Flat
West Victor, OK 48463",Shipped,2023-06-16
175,116,286,337.56,"643 Wright Wall Suite 080
Fisherbury, AR 44797",Pending,2022-01-01
7430,136,3231,389.72,"24149 Dalton Pike
South Jacob, WV 44220",Pending,2023-12-02
764,46,3928,441.82,"6695 Brian Route
South Angela, MT 65669",Delivered,2022-02-10
9858,76,1106,149.04,"PSC 5630, Box 0144
APO AA 26370",Delivered,2022-03-16
849,35,2537,484.93,"047 Green Stream
West Ronald, SD 72239",Delivered,2023-10-12
1609,200,1954,293.67,"59099 Natalie Mountain
Goldenshire, TX 17409",Cancelled,2023-12-08
9526,72,820,95.68,"68381 Roberts Points
Nicholasmouth, LA 43475",Delivered,2022-04-23
2149,182,3140,396.09,"671 Thomas Keys
Richardsonberg, NM 35101",Shipped,2022-03-31
881,48,1136,13.11,"12989 Michael Key Apt. 701
New Andrea, WI 41499",Shipped,2022-09-18
7624,170,1379,160.37,"169 Brandon Rapid
Lewisshire, SC 76943",Cancelled,2023-11-14
8433,199,3309,486.81,"386 Stout Lock
Seanton, AR 35099",Cancelled,2023-10-13
8116,107,2175,411.86,"7784 Neal Ville
South Autumnshire, VA 48322",Pending,2023-11-24
2873,62,1775,373.1,"2041 Stephen Manors
East Lawrence, PA 81466",Pending,2023-08-05
1317,167,3538,445.8,"823 Christopher Vista
West Hannah, PR 97586",Pending,2022-02-25
9927,161,1309,298.77,"127 Melissa Via Apt. 518
Rollinsport, LA 92230",Shipped,2022-01-01
4626,74,3187,323.65,"2390 Russell Glen
Lake Scottfort, MA 61857",Pending,2022-06-23
9037,101,872,260.59,"80129 Williams Island Suite 257
South Raymond, VI 93663",Cancelled,2022-04-30
1095,122,1106,315.26,"5934 Ashley Radial
Codyfurt, FM 78165",Delivered,2023-04-07
9761,138,800,220.69,"80369 Jennifer Flat
Port Anthony, CT 63833",Shipped,2023-05-11
1099,134,1305,240.59,"2908 Jackson Plain
Port Melanieport, AL 35703",Shipped,2022-03-03
1506,105,3259,338.05,"PSC 3389, Box 0533
APO AE 59790",Pending,2022-09-13
6957,21,2661,498.0,"USCGC Black
FPO AE 25502",Delivered,2022-11-07
5,146,1232,128.38,"2735 Smith Drives Suite 949
North Jackberg, PA 71968",Pending,2022-11-04
2833,14,1510,476.71,"02156 Anthony Prairie
North John, LA 56394",Delivered,2022-02-26
4155,48,2352,128.61,"93469 Kyle Dam
Sarahbury, DE 90195",Delivered,2022-04-15
834,101,70,192.18,"660 Wall Cove
Lake Traviston, VA 98391",Cancelled,2023-10-29
2422,44,1395,256.32,"218 Randall Villages Apt. 102
East Jennifer, GU 72089",Cancelled,2022-11-08
8855,154,2787,265.59,"55646 Alexandra Loaf Suite 430
Port Elizabeth, MH 04894",Shipped,2021-12-14
4548,32,1957,469.91,"1008 Yates Dale
Kelliemouth, NV 20223",Cancelled,2023-04-21
1004,90,2983,268.32,"Unit 7467 Box 8027
DPO AE 35706",Pending,2023-05-04
5171,132,2509,499.09,"40155 Young Square Suite 798
Hernandezland, MP 17529",Shipped,2022-03-29
5484,31,572,252.7,"3030 Sanchez Crest
North Brittany, WA 48273",Shipped,2023-02-24
9978,12,2501,348.16,"842 Calvin Lane
Lake Candacestad, UT 06614",Shipped,2023-10-02
1611,196,2747,371.35,"7594 Rachel Inlet Suite 678
East Nicoleburgh, ND 85735",Shipped,2022-10-30
4955,200,3280,90.13,"37531 Heather Port Suite 041
Molinaburgh, WY 50423",Pending,2022-09-15
1520,197,281,243.54,"713 Duffy Fort
West Alexanderfurt, IL 65122",Pending,2023-03-29
1772,68,3880,34.34,"USCGC Wall
FPO AP 33862",Delivered,2023-04-12
1740,13,822,170.18,"3867 Theresa Neck Suite 572
Clarkland, WY 90505",Shipped,2022-04-12
2084,97,3705,166.56,"039 Vickie Bridge
Robertsonland, MD 22943",Shipped,2023-07-29
749,3,1719,310.37,"554 Tammy Inlet Apt. 752
West Nicolemouth, KS 46537",Shipped,2023-03-17
1026,38,2010,443.69,"90340 Myers Mission Apt. 026
Smithfort, PW 91443",Pending,2022-02-13
4264,85,3811,74.29,"42961 Tiffany Lake
Hughesmouth, AZ 53069",Pending,2023-03-18
8531,13,3725,391.8,"USNV Stout
FPO AA 12460",Shipped,2023-11-02
2301,4,927,262.86,"88279 Evans Fords Suite 080
Davidmouth, KS 44991",Delivered,2022-09-17
4160,22,3052,478.25,"9305 Spence Junctions Suite 782
East Jennifer, MS 90537",Cancelled,2023-11-14
2612,22,394,276.87,"42730 Barajas Way
Banksbury, DE 16261",Shipped,2023-01-03
6581,138,3170,49.55,"465 Hunter Mountains
Chavezhaven, MS 19931",Delivered,2022-07-06
2893,156,435,263.81,"80391 Jessica Mill
West Charlesview, OH 07868",Delivered,2023-08-20
9774,34,2787,433.08,"6465 Gilmore Streets
Jameschester, WV 35386",Cancelled,2022-11-16
7087,63,286,313.72,"34567 Paige Vista Apt. 668
Andersenland, VT 33538",Pending,2022-04-25
8692,200,954,262.08,"297 Mcdowell Rue Apt. 692
East Jose, DC 69141",Cancelled,2022-06-25
7085,196,2557,271.58,"357 Michael Views Suite 010
Julianshire, MO 91756",Delivered,2022-02-15
3777,144,3647,368.48,"36390 Rachel Meadows
New Kristinchester, MD 09667",Cancelled,2022-02-12
2876,122,2465,339.77,"438 Shaw Fort Suite 434
Lorimouth, WA 58843",Pending,2023-01-02
5325,74,766,99.74,"PSC 3501, Box 5186
APO AP 80761",Delivered,2023-10-17
1037,71,1692,52.4,"786 Darryl Street Suite 939
Alanfurt, CA 59116",Delivered,2022-11-12
4240,71,3119,361.01,"94738 Williams Course
West Ryan, TX 39860",Cancelled,2023-06-11
3832,2,1870,121.51,"0940 Anita Valleys Suite 341
West Lindseytown, FL 49193",Delivered,2023-04-22
1,8,3650,306.68,"83178 Kenneth Club Apt. 277
Port Meganburgh, NY 05558",Pending,2023-08-26
6626,171,681,322.43,"0517 Melissa Isle
North Christinachester, OR 71506",Cancelled,2023-03-18
5424,146,790,154.04,"4104 Dennis Extensions Suite 531
West Melissachester, WV 24151",Pending,2022-04-26
4178,162,3001,315.45,"71114 Sherry Mountains Suite 999
Yangburgh, VA 75152",Delivered,2023-01-27
7689,19,733,276.49,"USNV Webb
FPO AE 61002",Delivered,2023-05-28
8757,58,2145,466.88,"319 Michelle Ferry Suite 381
Brandychester, MI 02536",Delivered,2022-06-13
6278,104,137,350.1,"562 Johnson Road
North Travis, NJ 17234",Shipped,2022-04-23
2606,115,230,242.22,"17809 Henderson Port Suite 969
North Rebecca, CT 12042",Shipped,2022-09-27
1583,134,1509,286.42,"80521 Rogers Fields Apt. 127
Keithchester, NJ 94305",Cancelled,2022-05-26
5273,195,444,126.57,"035 Clay Turnpike Apt. 444
Tyroneton, OK 11568",Delivered,2022-12-25
9621,98,1035,451.26,"3762 Hunt Villages Suite 259
Hernandezberg, GA 16974",Shipped,2022-10-06
