"0","3742","0","3","Citizen any wide push authority board just edge catch modern full put.","2005-03-09 08:38:54","64"
"1","3917","0","1","State garden hope cultural strong listen citizen suggest process environment city late develop.","2009-03-20 18:19:31","38"
"2","3476","0","4","Firm four beat leg that miss my quickly.","1995-01-10 23:49:36","69"
"3","3944","0","5","Put during nature bag politics town remain beautiful size bag reveal interview relate.","1985-05-20 04:06:22","95"
"4","1884","0","3","No indeed team again this light guy town road look stuff nearly call.","2015-09-16 09:38:49","67"
"5","1803","0","3","Mouth low artist song style company control.","1984-07-23 09:05:28","46"
"6","3117","0","3","Why begin service western friend add individual teach kind he trip thus.","2002-03-26 01:36:50","90"
"7","1694","0","2","What structure name off which again lot source safe mean south political where.","1991-05-06 20:17:28","45"
"8","2998","0","4","Least manager evidence listen nothing full tell.","1977-12-09 21:00:36","71"
"9","67","0","5","Onto its girl offer president nature wait.","1986-04-06 11:25:59","39"
"10","3595","0","4","Truth move too yourself great rest sense cause include religious expert office.","1999-03-01 22:28:46","87"
"11","3472","0","1","Evidence pressure each happy act either by open up.","1981-03-13 21:52:28","71"
"12","149","0","3","General analysis anyone purpose debate week minute area game total truth take idea.","1992-08-06 12:44:20","53"
"13","3991","0","4","Reality important perhaps society forget already.","1974-05-05 02:04:20","43"
"14","919","0","1","With make nothing deal easy establish early real general authority reduce life similar.","2010-06-24 22:22:52","31"
"15","3616","0","1","Career theory president wish space change.","2017-11-28 09:52:57","37"
"16","3594","0","3","Course make data much fine administration test first identify poor seek.","1994-01-25 14:31:37","10"
"17","1055","0","4","Least less wind law mouth hair.","1976-02-22 00:42:42","41"
"18","3591","0","1","Around dinner keep question sit lose agency.","1982-08-05 22:15:13","63"
"19","446","0","4","Congress million billion part serious say.","1996-10-14 08:20:35","35"
"20","294","0","5","About argue surface operation rise step everyone clearly degree.","2004-06-12 01:07:35","58"
"21","555","0","2","Agent suddenly yes wear pass candidate.","1981-02-03 00:16:11","82"
"22","1472","0","3","Hundred term tend attorney foot dinner something point.","1990-05-31 00:18:29","27"
"23","1366","0","4","Down plan off direction policy reality it support traditional state identify.","2022-04-09 00:40:53","99"
"24","2130","0","1","Too hot effect bad responsibility ball person PM new attorney.","2004-05-20 09:30:29","34"
"25","1569","0","3","Senior clearly matter accept ready consider drug nice.","1992-09-02 18:12:56","55"
"26","187","0","4","During need certainly week century school follow character debate opportunity role simple people.","1999-03-06 10:46:00","10"
"27","2731","0","3","Still capital sure have remain culture accept condition clearly.","1994-08-31 06:59:49","66"
"28","3932","0","2","Name site front quite way expect low really write.","1997-12-03 20:34:21","72"
"29","2425","0","5","We able board enough imagine significant attention agency another property.","1974-03-09 08:30:56","71"
"30","3947","0","4","Believe series senior worker protect mean high who truth statement job.","2020-01-25 01:06:07","51"
"31","2358","0","4","Individual each best subject according but instead major head.","2014-10-19 13:17:12","74"
"32","1095","0","2","Few woman care skin memory positive claim me where somebody.","1976-07-26 08:57:58","46"
"33","1530","0","4","Citizen recent more college also cell whatever.","2009-07-05 22:29:55","9"
"34","631","0","3","Lot too special situation ready student play physical station reduce both.","2018-10-09 16:34:22","22"
"35","3714","0","3","Authority reflect degree treatment cut me start attack decision.","1998-02-15 04:25:15","20"
"36","2232","0","1","May majority moment often book do south fish need conference quite.","1980-05-23 09:55:55","40"
"37","3228","0","5","Able number also other herself court ability public season.","1995-10-05 19:05:07","7"
"38","2845","0","1","Field understand peace deal manage future grow some her accept environment.","2023-05-09 13:56:39","3"
"39","1989","0","2","Best nature trade stay many between provide tend music.","1972-05-18 09:56:40","72"
"40","3729","0","1","Have sort stage reduce often trouble federal night yeah.","1975-10-25 18:06:31","13"
"41","3147","0","1","Piece together indicate lose show key hot.","1977-08-04 19:39:18","79"
"42","3590","0","3","Student TV together feel together source Mrs vote far design.","1985-06-29 14:13:58","0"
"43","3117","0","5","Few edge teacher effect despite respond way son couple others hand prepare water.","2005-06-07 05:10:07","85"
"44","1374","0","4","Gas kitchen increase south boy build television.","1995-05-19 09:31:29","9"
"45","3956","0","1","Smile probably sign happy line either single score else here gun make.","1982-08-18 01:30:57","86"
"46","1720","0","5","Account blue either main black boy particularly process than.","2016-09-06 06:08:14","17"
"47","1650","0","1","Enter near do ready century sort someone moment miss because most push.","1999-07-08 09:33:47","21"
"48","173","0","1","Pass heavy operation truth former standard away order mind entire kind.","2015-04-07 16:38:23","42"
"49","1942","0","1","Tv family do trade buy peace result war baby her people probably bill.","2022-03-11 13:15:48","89"
"50","127","0","2","Administration end dog up never light role daughter explain.","1972-11-16 15:59:20","14"
"51","3190","0","3","A agency know religious school baby born.","1993-05-18 11:38:53","89"
"52","1170","0","3","Technology interesting father game debate city family.","1993-07-05 14:13:47","18"
"53","3141","0","3","Deep hospital her stay boy coach to him alone executive not.","1987-06-06 14:27:02","19"
"54","2481","0","2","Before election again summer laugh either or investment after collection.","1973-10-16 14:24:13","45"
"55","2285","0","5","National defense able before test get dream employee listen part fight story institution.","2012-01-10 05:34:32","30"
"56","2080","0","1","Chair poor play above strategy I on serve perform article organization we into.","1982-12-23 01:42:51","49"
"57","3216","0","5","Understand public like end early upon science while ten partner kind.","1999-12-28 18:31:56","6"
"58","1133","0","3","Edge military company oil phone onto current career project more.","2000-11-24 08:42:07","34"
"59","3762","0","4","Federal rate return road research enjoy cup gun figure their.","1997-03-22 14:06:17","89"
"60","1322","0","4","Soon institution book hold wear example nature note fill next word suddenly.","1981-02-08 07:43:32","90"
"61","3990","0","2","As different find when well large force tend science space.","2001-03-22 21:19:05","22"
"62","776","0","2","Stuff media money upon soon seat idea.","2015-07-25 19:54:09","96"
"63","3406","0","5","He himself occur call section tend.","2019-09-22 00:45:08","12"
"64","3665","0","5","Recognize another they poor may there body he line probably yard.","2015-02-06 04:41:08","69"
"65","3033","0","4","Audience watch song expect high bit return yet under per feel include.","1991-01-19 19:51:31","24"
"66","2522","0","3","Remain admit example out ten right help.","2005-06-26 07:22:50","62"
"67","2961","0","3","Several still carry hour production class teacher far certain former if statement.","2010-10-03 18:40:22","51"
"68","794","0","1","Put director animal relationship sit easy about five magazine eat.","2000-02-07 12:11:51","59"
"69","3259","0","4","Theory life shake add course national everything building thank suggest ago me.","2018-01-31 06:02:24","16"
"70","2219","0","2","Serve soldier ever tree TV again.","2002-05-02 09:06:41","44"
"71","756","0","2","Have feel knowledge wonder hard myself very ready catch bit personal animal.","2022-04-09 13:01:23","36"
"72","1824","0","3","Less environment of actually responsibility learn agent another road.","1981-09-27 23:57:04","6"
"73","1557","0","3","Material blue use we unit radio college blue executive image dog among.","2017-11-10 16:28:21","60"
"74","2141","0","4","Score let someone teacher term role and.","2023-02-08 17:15:17","67"
"75","731","0","3","New many each so economic despite lay business left.","2021-03-30 02:54:53","85"
"76","601","0","3","Face else next defense factor woman use industry health between power doctor.","2015-02-05 18:13:39","41"
"77","3840","0","3","Push place man lose table trade serious teach ball check same.","2009-09-26 20:07:43","8"
"78","548","0","2","Want hot none factor situation responsibility.","1974-12-28 16:22:23","6"
"79","3108","0","2","Process accept base structure smile south federal job drive over teach safe room.","2010-11-22 00:52:39","16"
"80","414","0","5","Size not all score professor against cup.","2015-03-16 14:07:43","10"
"81","1452","0","4","One religious accept year rate music key sing police community popular many wind.","1997-09-09 01:01:55","84"
"82","3216","0","1","Amount structure choose within career record lose book.","1992-05-02 19:49:51","67"
"83","3113","0","1","Impact specific floor kid risk thus unit.","1987-10-31 03:06:55","41"
"84","1829","0","1","Poor party on social lawyer rule strategy bring also within yard.","1982-01-15 09:52:44","39"
"85","886","0","1","Second as win recognize generation nearly conference drug spring.","2008-02-21 15:57:44","76"
"86","2034","0","3","Service account open relationship finally these according kid bit message.","2005-08-03 08:51:08","57"
"87","110","0","4","Price team work nothing pick thing dark later.","2016-07-16 15:53:20","61"
"88","2796","0","1","Television film base popular south lay.","2000-05-01 21:50:31","59"
"89","3416","0","5","New near option ten throw happy trouble message.","2012-01-19 04:46:05","15"
"90","2715","0","2","Scientist glass own friend goal else on trial near PM save.","2005-10-03 16:41:05","39"
"91","2364","0","1","Talk boy my charge out help respond.","1993-04-23 01:46:49","69"
"92","47","0","3","Exist buy become factor drug case tree team subject draw nice mission drug.","1970-08-26 21:57:40","83"
"93","3959","0","5","Cell national as majority could PM those lead.","1995-06-10 07:14:38","21"
"94","2859","0","4","Enjoy their when society adult page though while eye prove author yes.","1981-12-12 00:18:09","70"
"95","3967","0","3","Perhaps woman house financial enter area.","2011-03-10 08:57:08","40"
"96","2016","0","5","No result billion argue anyone practice story one fill Republican experience.","2022-02-17 05:17:10","96"
"97","1968","0","4","Dinner consumer far hot success base skill kid civil determine soon trouble argue.","1970-12-15 06:58:50","95"
"98","192","0","4","Better discuss low success forward appear economy democratic contain.","1982-06-02 09:13:10","90"
"99","281","0","1","Next little the its structure item between suffer special interview hit.","2020-10-14 07:27:07","80"
