"0","twoods@yahoo.com","pbkdf2:sha256:600000$p3bY0BWP1bAEkRtf$73c5cb472a0e95e119ac30be2c20406c17a6b9c3a15938d23f1bdf056dd2c4c6","Marissa","Lee","-32.5958305","127.674613"
"1","christopherjohnson@gmail.com","pbkdf2:sha256:600000$KfWjUPIAeXtXtkan$877117deb0ed032018d20c688fc90192c9580220b008c7d92a1b987a66cc72ce","Dylan","Rivera","-9.7474565","142.318777"
"2","kathleenlawrence@hotmail.com","pbkdf2:sha256:600000$yiuOlgJONfvZOYHt$6108f05df2359c0ec2d15868f864f86242c48720cfc5f0871916decfd1bbb540","Nicole","Carroll","-85.4092445","-152.432993"
"3","hzimmerman@hotmail.com","pbkdf2:sha256:600000$kkYrYCKV4EuLKIHY$edea539cba3532d750a52091b903bbb777ae86a35ed5a0eac535634f8b876e8f","Gregory","Collins","83.2787735","81.962796"
"4","johnsonmatthew@gmail.com","pbkdf2:sha256:600000$DHKp632EoOtA9c8l$1a0295096ce73632fe34487687156e93be069e01e1be2ec5b3052a67a230b28f","Amy","Nelson","-87.878332","-0.832990"
"5","andrewhall@yahoo.com","pbkdf2:sha256:600000$DzSBRHVi2dcjlIkW$7f9a97ff4356f0f1691223f90396da1dbe36171f1f59574352fa02ffb67c02e8","Angela","Palmer","56.050797","-0.777465"
"6","cassiehunter@yahoo.com","pbkdf2:sha256:600000$eIp9TyVXn2W5AiHD$08f89891e7f2a89ec956c919ae8d7ae8b21a2d056296988c7838e6f42db27878","Sandra","Sanchez","1.0345525","112.880840"
"7","stephanieroy@gmail.com","pbkdf2:sha256:600000$6ACZjOcLAnIRmbdY$6fa974f2bca411d5321082ffacc54835c7ddc8e1ff59850862e6ce3b9ea1be7b","Kimberly","Calderon","-10.4400495","15.376538"
"8","david86@hotmail.com","pbkdf2:sha256:600000$YbohW6sikNxRuvHq$0ee55a9335bd0fb3bc829661e9d25fc60d6d15a6378555bd3a51563eb7a4a03b","Ryan","Howell","69.031434","-10.535343"
"9","jennifer94@gmail.com","pbkdf2:sha256:600000$VWjz8oi1WZ55WbkH$a4387fc69527bce539e4771058e62b4136febb3fc9fce1f76e309426cbed624c","Jared","Watson","-83.7079955","-117.579135"
"10","christopherperkins@gmail.com","pbkdf2:sha256:600000$t5hN5tJWUM2vxkfg$f0dcd3500bc997f95d18083d44bca9d6d0fb45826b4bb292717b277623d8e103","Marco","Ford","-25.873961","-108.362181"
"11","wtyler@yahoo.com","pbkdf2:sha256:600000$Dh6XGZ2h76rGaVxs$0be2651c145b2ea28de037909f9246b52c296ef059f39d06c49e37daba7427c4","James","Peck","60.7549455","-57.793608"
"12","waltertaylor@yahoo.com","pbkdf2:sha256:600000$sW1s1RvgCPQmu9Xc$7d8b62cedeede65740ec748280cdbd46ce40940b24950e63dd2ddccafb8722f4","Jessica","Martinez","14.908252","-94.430048"
"13","mckinneymelissa@hotmail.com","pbkdf2:sha256:600000$BKJV0rKZdPYrhxoF$15caaf39a3af064ace335bfccfed270dbe9c7af0ed34453be81fcffe9d9a80b7","Joel","DVM","-79.312363","-98.412961"
"14","yobrien@gmail.com","pbkdf2:sha256:600000$cdpYszVMxhsa1rR3$2a301c242d38d5a8ddbf201a5cac5ee38bd1d94c1c5f70b68d26df44225bdb21","Derrick","Wyatt","-31.5028315","108.023306"
"15","ljohnson@hotmail.com","pbkdf2:sha256:600000$2Na8O6Z1awcRfCtp$0a0ac986c266ecf563ef2e25db7857036f3c64db92a44ae080e3866b93421249","Brittney","Richardson","-32.9462695","19.627668"
"16","danielle55@hotmail.com","pbkdf2:sha256:600000$FbrwvBOkcEB57Lvh$376442f5ccda42092a49fc6153728fd8a7795d823d9f38cf8c6c542022004458","Mrs.","Davis","-30.4031655","-36.378353"
"17","juliecampbell@yahoo.com","pbkdf2:sha256:600000$RWWpcI1eqnDi4Dv5$35f631eca52b99a8376a5816e5f62124655e3b804746109c35c295373f5a3145","Monica","Anderson","-53.9964525","1.235751"
"18","josephjennifer@hotmail.com","pbkdf2:sha256:600000$BdCf4RKHlgzYqYs0$febf91a96c770a0046b86bbeccf1700caa2379fd5582e8f28ec48137dc6b3bc9","Cory","Wilson","18.5835625","159.619146"
"19","stricklandamanda@gmail.com","pbkdf2:sha256:600000$QwqvFJcAi9oYzq0p$245fe96b229f0eb5276df298e14e60dd0c774252c3401676c09e72242611c45f","Andrea","Campbell","-60.494305","68.785689"
"20","michelle02@gmail.com","pbkdf2:sha256:600000$KptEXLtfAz2YUtQY$5aa0da67f74bf4d89b7ac9465b349805cfc0ed0877c8f19d8d272c1443acf9e3","Tracy","Simon","76.140314","-85.673046"
"21","alexander84@yahoo.com","pbkdf2:sha256:600000$yIpTukbY9zQ8d561$16ceea6a5fcc448e2f7e8d2f2cb3a1428faf9a48d1e824d5a1d0c80702d0308b","Sean","Carrillo","48.224123","104.144100"
"22","carltorres@gmail.com","pbkdf2:sha256:600000$tQd0apftLbaFu6Tz$a4a156a3b6f2a4320b9641f27a1b4926f70d47cdf19df607ee8941fb7c85b5aa","Sherry","Rodgers","1.727120","107.550854"
"23","sclay@gmail.com","pbkdf2:sha256:600000$ucJJiaDDvTkDb0ro$8f757e62001ea92a27f55740f21328a5ed9be67a81c4ef1f37111556dc5fa9c0","Kelli","Collins","87.447592","-30.373918"
"24","fkennedy@hotmail.com","pbkdf2:sha256:600000$VK5uavpnQzIAu5YL$a09a6b1236a9305cd2519e771676aaa964559ec8e50f7e4253a9413d7dd26e24","Kevin","Campbell","7.6165335","61.092387"
"25","harold64@gmail.com","pbkdf2:sha256:600000$htr7x7p70t6yXAzp$57b2d8d14457c2ef2dac8df27de1bf002de57459c0d0938662a62dd6aa997133","Vanessa","Young","24.390253","-34.117161"
"26","fernandezdonna@yahoo.com","pbkdf2:sha256:600000$COUmBJ6t6iqAeLh7$3f0b84f9644ee01e4b7e216513a9ae7eeb73d8d3fe174b383b99726d81251a61","Matthew","Miller","-55.108569","164.734951"
"27","timothy59@gmail.com","pbkdf2:sha256:600000$e5to0fcHoNmkj63M$b31ed1d0bb5fa796c9d4d77a4c9b4777f25932b6233405cf75c35095abc7e44e","Jason","Sexton","60.8537395","115.493247"
"28","gerald61@yahoo.com","pbkdf2:sha256:600000$V10kLhPuwmTAV7bR$b6c995a8b82ca7a1fd99a01d501a79394d8fc47e53cabccac8497eb1848cbfd6","Christopher","Watkins","77.828458","-71.093430"
"29","cmorgan@yahoo.com","pbkdf2:sha256:600000$vMoyp8Z4f4h9sc5X$86bfd0c7ec2a4c1306878d1a10b0a30f80435a378a30ec2992f29ee082c9aff5","Nicholas","Collins","-29.399651","155.241427"
"30","jonathancrawford@hotmail.com","pbkdf2:sha256:600000$sniaY7u4WFDoQb37$0179428f906692395b4e23452a299539eb53fb39639e630db0015beefcdb5399","Thomas","Clark","-56.115634","100.380437"
"31","amy61@hotmail.com","pbkdf2:sha256:600000$GrFrEJXIiiatbise$948289c62afb67af96807ec184ca002166c83911fdae63f306940487478137a8","Kelsey","Wood","65.1970705","30.492280"
"32","romerokathleen@yahoo.com","pbkdf2:sha256:600000$ysOqoreVi8aBmf0S$12f4035d0c670b0befa4db543c448dd921983f41681af347c5561b9c84ca14a3","Christine","Harris","5.0506635","-93.384442"
"33","powellchristopher@gmail.com","pbkdf2:sha256:600000$Ozt9R45jv3Cksmuj$f4c966fbd34924b3fec796b7156b12f4bfe669915ef1f77eda1e04880cf35bc9","Crystal","Jones","26.7460515","-151.205154"
"34","pdavis@yahoo.com","pbkdf2:sha256:600000$ktcJOxfEhrRWTf9G$d9bc2b22006dce0d31862f5240e58cad29c43044073c843f9c4909a4b9ce24e0","Mark","George","-60.0685685","-68.453440"
"35","bmiller@gmail.com","pbkdf2:sha256:600000$gfW9SwDjpajnPlGT$1e282b5b7ff24bfd0b519b954e04fa9ca60a294a154b8381c7a934a20f134b33","Katie","Donaldson","-86.8739765","15.964567"
"36","ricardotrevino@hotmail.com","pbkdf2:sha256:600000$7f3mXRSSkZan6SlD$e55d2de52cee8660e1ce9004be73a5cb93d3a753fb59b8a0237566149af46066","Lori","Mann","0.689537","-36.240394"
"37","melissa33@gmail.com","pbkdf2:sha256:600000$0et7ChTubuaA0UGD$b3b2759180d18dd2176357846c45676dfe5e16c20b4da0373c88024fc504056e","Kendra","Thomas","-74.242768","102.018116"
"38","kevin26@yahoo.com","pbkdf2:sha256:600000$oHTQsWZPgWchipce$ca8150e779d237d97045103756cf798a0d413bd8ae4c83198c6891e12d3b4bdd","Chelsea","Brown","84.599746","112.083682"
"39","whitakerchristina@gmail.com","pbkdf2:sha256:600000$WjSQ0ui8VyNQXoBa$8563bf6990679b3a5a5c618a3ad4b74b87bcfbe32e9d7d5effaa7754c875cb82","Sarah","Davis","44.194580","165.770139"
"40","zharris@gmail.com","pbkdf2:sha256:600000$HPM4eOF9JqqKwndk$94a3d49b351c661488734cfa20e2b4de88ecfaae8629e79ec21425e1575d36b6","Karen","Watson","-69.288248","6.633939"
"41","corey81@gmail.com","pbkdf2:sha256:600000$5f9mVXTVCx9oyo2T$daf5979161adbe6fedc42a76cedc764ed710f1c566a1845fbca3033333b84b3a","Gary","Durham","78.4822165","-57.492795"
"42","matthew61@gmail.com","pbkdf2:sha256:600000$Tqj5MF7eObbL9soh$18c9fadb81103102ae66b23c056c92fec711a91808d55097a531b54bf8340a6f","Mrs.","Payne","85.6393895","-32.160923"
"43","bmartin@hotmail.com","pbkdf2:sha256:600000$qMVnEtA7xfzKZPzx$e0676a20eb730a3d90cec9c826742a3dc22f22c68a46aadc0a37c5b58fd2993a","Raymond","Cabrera","59.7912535","-130.683313"
"44","wendyhamilton@hotmail.com","pbkdf2:sha256:600000$Q2NwPhNMtX8iBjxT$b4c6e4ede9fee45a53ef5fdd6bc649d0a684cff66d5342aca18ba8a6382d9e47","Cindy","Martin","-81.5913535","-131.204692"
"45","terrykenneth@gmail.com","pbkdf2:sha256:600000$f90PntvJOrDVBHyT$d49ed99a0bf60ba428c4ce4b503e442ede0cd0467b9b5e75951f6980b2416870","Wendy","Miller","85.1300765","-152.080288"
"46","ssmith@hotmail.com","pbkdf2:sha256:600000$u8kPsZzcf96SPdYG$a89f4d0ded1c492e0ae05e56b66e34082b27401a67052532be9c2d45ce5616ed","Victoria","Perry","-89.670404","17.634926"
"47","jessica35@gmail.com","pbkdf2:sha256:600000$Fw6m6hlqyMioG4np$ddbf839fe37eef8b2d8bfaca5dc182de310ed04999533702b4ad5bb3f6fd67fb","Samuel","Austin","52.413791","-14.945684"
"48","ptaylor@yahoo.com","pbkdf2:sha256:600000$0vEQi6fWIBpZTOyQ$3d00c1ebce62ffe001c8d6f75039564d3992ae1d2e2c55a666546fbf9a1fe445","Nicholas","Chang","-20.017645","103.020944"
"49","edgar35@yahoo.com","pbkdf2:sha256:600000$NRokf2nHytKjraQB$ab025d0bad8db35868344507bf717dbcb4545e04579141a143a0b9cc4e94f701","Erik","Obrien","-63.683356","130.254298"
"50","diane44@gmail.com","pbkdf2:sha256:600000$I78IAYOn5i3Krzlv$91af5c28f2d36892c7312a2e9d0e5b5b617882805545f93bc7dfe2f0c0add55f","Travis","Oconnell","-80.931875","-10.292333"
"51","duffyrichard@yahoo.com","pbkdf2:sha256:600000$dvGQxtJ8NTd7EyWK$032d447ffca8df6abc03fc8681b5f4d49db087fe09a65f8ec2221a52998a64fb","Thomas","Contreras","12.683760","27.926481"
"52","wleonard@hotmail.com","pbkdf2:sha256:600000$PLzOFhRHgDDIQurG$06a2a3563d1f596ca6b3b3a7494c8687183e7267e696a334eabea04798642a7f","Michael","Lane","58.438011","36.668214"
"53","byrdbrandon@yahoo.com","pbkdf2:sha256:600000$UFUBJ7BlbghHkxOi$67dbae003393e349337cca8c9a7887d915022a754edf66ea76f6f83f7f1797a4","Sarah","Wolf","-1.3950335","93.993257"
"54","hilljason@hotmail.com","pbkdf2:sha256:600000$S2qDooERPU5PuGaW$3f1f2c6e3c761c5563f9dbfd6fc3f7bf0ce053d30b7406ef290e0ef11f5c6cad","Sheryl","MD","-54.417321","-88.208904"
"55","thomastammy@yahoo.com","pbkdf2:sha256:600000$rvmd3XeRoldiAWF2$7f3aba8847f885337a09c4fb2b2115774aa1f87c20374d6178f92147d992ac1d","Robin","Dorsey","61.3216515","-111.600175"
"56","fgray@hotmail.com","pbkdf2:sha256:600000$YapwUYAw4DlIO6nG$5ca2fa8379dfde2cf777c91c0217013a6e5407c0ae902178b20ede2239e78ebb","Frank","Morales","44.0666115","33.520446"
"57","reynoldsrobert@gmail.com","pbkdf2:sha256:600000$RhGxA5sNC9cCMs4G$45e30ba346dc8e4302e8e3db99a9f92ed1acbf13bb87a3e60a132bbb8e3b5fc9","Tony","Cooper","39.3705435","33.538945"
"58","richard32@gmail.com","pbkdf2:sha256:600000$uRqD4MGMYPyDmkKl$c778dfa2b196c4c5ecc2e5c3efd816825081b684dc541113fb4fe497e99c6b91","Nancy","Molina","55.055441","65.354797"
"59","pmann@hotmail.com","pbkdf2:sha256:600000$MfeyoxYHRrXDqyug$f224b892dd62cb006477a5cce20ae9bf0fe901d1fa200f9d338218089cfab13c","Tyler","Hill","24.5097275","154.837047"
"60","ogarcia@gmail.com","pbkdf2:sha256:600000$VqLzPj6r4687Ma67$ff8db9377b6e794c11f6ea32e433cad0326fcf659d18c166685f77be479cf834","Andrew","Miles","72.803192","148.569723"
"61","billyclark@hotmail.com","pbkdf2:sha256:600000$b7tADLfMYIi2KOXb$199f24876be82db3799721dde4c0c9633a3d9c161bbfe0a12f0e4c7ced99c19e","Steven","Cannon","-53.8459735","-106.270340"
"62","bdavis@gmail.com","pbkdf2:sha256:600000$CvdUMo0DDQLBMmYT$caab89eb5028e7e2f35526c6d5e47412522ed5554d1a22e6e1cb3b8e2b561aeb","Christine","Schwartz","72.6703085","22.809319"
"63","andrewbenjamin@gmail.com","pbkdf2:sha256:600000$ljb1zm4jbdFl0K1b$b5cb95aff36f415804ae8eaca83d3ecfbf19594ea5cae91f4068188a04e640fa","Paula","Morgan","-38.5153105","22.497848"
"64","williamsjennifer@gmail.com","pbkdf2:sha256:600000$tmYvPTMfkJfq4qB1$7063bc0f4cafb84d09850b8ab5c57a78b45fcfeacbdd389bccbbb2167718ef80","Brittany","Craig","80.585344","-81.111030"
"65","angela00@gmail.com","pbkdf2:sha256:600000$8gapayoOeVVDtpSb$1f5a3571e25b8c447111feb60d81bac5a9f7c5105c0ea8f3c17b2353b82fb350","Brandon","Rogers","-32.3009575","-91.401972"
"66","richardsonaudrey@gmail.com","pbkdf2:sha256:600000$cdKOGK4m5OT1ueAo$cb4fa44d002c7d1a9d5de6b3ca819b8b0a070e6177a3acc382df4d6f8f5911e9","Shannon","Hayes","35.291536","18.411027"
"67","livingstonrobert@gmail.com","pbkdf2:sha256:600000$njTw2gqyefgWR8Yl$c332b99c0f581ec06ea2b01ebf96e665c341943b66595d38b99afa21f5ad4571","Colton","Jackson","77.1349135","82.558206"
"68","gordonthomas@hotmail.com","pbkdf2:sha256:600000$0GPpkHvFNa8XrTvI$8696f21d9d2d6616bb023f068b72b25879a32bc590c597aa48ae9cfb61d1a8e4","Rebecca","Conner","45.731480","-17.017119"
"69","ujackson@yahoo.com","pbkdf2:sha256:600000$lu3pQCHugeWbF9od$166df64f591c7d49713cd0102bb02da55defa10f69a6f0dfb70892081911e79f","Phillip","Welch","-38.1736205","129.682520"
"70","antonio17@gmail.com","pbkdf2:sha256:600000$xFPPJ5LgdReTHRxg$19d1e8317090d43440bd394d8930e2256b8c6df6a7453b5f9abafdc305405293","Mr.","Duran","81.047069","-58.509242"
"71","ccarr@yahoo.com","pbkdf2:sha256:600000$kw18wF8neZXIRSLV$68fbfa5dc37533adbd29ca875f7f52d3a3707f56118a003973716641d355204c","Christina","Johnson","-40.7842835","163.233171"
"72","navarrograce@gmail.com","pbkdf2:sha256:600000$QBqTYqfdxdUCrMDx$5ee990cf99f84cce5251bd980705f38c9dbf63bbae8bd0801711180e4bf8cf5b","Allison","Young","-59.702036","82.851900"
"73","harrismike@gmail.com","pbkdf2:sha256:600000$KOzXRPFtqYCKSexu$d7e3870203a9239e835556bb3996aea17dfc219bfeb834919904ea023bfbae44","Patricia","Thomas","58.805417","-64.059284"
"74","fernandezashley@yahoo.com","pbkdf2:sha256:600000$2vxsotS4IHgAgGLe$0f2006a0f52e7e7550cfd2c86319c4d6741e5c66e8e141230c993dfd19def65e","Denise","Wilson","49.1382835","164.610654"
"75","mark34@hotmail.com","pbkdf2:sha256:600000$mAIzwV6KfwCyLn0A$207ee7400ed314b7e4c143f80cb89e3689d57f8778fa3fd4dcefb510b3a20ab7","Heidi","Boyd","-17.3363535","153.086121"
"76","franciscoharris@yahoo.com","pbkdf2:sha256:600000$RiYAC4bkfTPDQJVF$47db44ad110515f2c331b7b8e47995b740a024d8359da68d5683da7ed9472e9f","Gregory","Pena","-89.6990645","-174.822033"
"77","pandersen@hotmail.com","pbkdf2:sha256:600000$Cm27036fIy4wImYR$fc9dc2fcd4b1f19815d1560f121c6857bd62ce5f7d30e46e7752572470901bfe","Kimberly","Davis","39.2949825","74.622224"
"78","robertmartin@gmail.com","pbkdf2:sha256:600000$ednpbwXeErHkxUmC$a99a442b526beb2d496aa5e09be900bf885281c252111ab062e2bf80154437d9","Michael","Gomez","-29.635595","-165.365198"
"79","rebecca65@hotmail.com","pbkdf2:sha256:600000$5HfzqKdHD8d20f3t$242cdd948def4cc91c60f87dbe158ad877629abbd437eeec8da2ff1fa34e8932","Jennifer","Ellison","82.3022275","-118.738999"
"80","fullertheresa@gmail.com","pbkdf2:sha256:600000$0JT2vwTJxgvLlfgM$c281f43b8882407985585815ed27080939f9e8ff165424e9a28214e09e9a76fd","Shirley","Smith","41.7529875","-135.287931"
"81","malloryholmes@hotmail.com","pbkdf2:sha256:600000$uv0wJOl8W11USAeU$0131b4d5dceda195fb5bd6c600e1f9d9e9a780687b0a3068da6c4bece26577d6","Timothy","Walsh","-89.433378","101.183746"
"82","jeffrey74@hotmail.com","pbkdf2:sha256:600000$b6nEHl7kW8v0qJHn$acf045c1511aa61bec06b3631a880880350576d51a1c3c5287f298d23b022796","Toni","Palmer","-45.5950265","-68.570888"
"83","kirsten49@hotmail.com","pbkdf2:sha256:600000$H08g3rTj99ZmwEB0$e42a1384301be7829ce7bfe75dc7947643a7458678e89de184cc96960e29eaf9","Steve","Barnett","-57.9029375","-76.496737"
"84","fchan@yahoo.com","pbkdf2:sha256:600000$hn43bWtkXR2GVUOv$3cc8dc81db166fd0fde0e95b406a92ac68aa25bd86333715300126638e7057bb","Danielle","York","51.2940885","173.446299"
"85","owensalison@hotmail.com","pbkdf2:sha256:600000$NyBsPSMmeq3O6vlb$d622850a55dc826562280252f5c1748da6e4a4ab211cb222a3ce332a5a39ff6f","Casey","Robinson","-57.9345145","-59.731501"
"86","marcallen@gmail.com","pbkdf2:sha256:600000$lHXwgP5NqpWP73J2$52b92de74822b872afbed6ce2d681728f3b1cd00d2bde277e47acce1869f0e04","Samantha","Thompson","79.3177455","-48.285527"
"87","dawnsmith@hotmail.com","pbkdf2:sha256:600000$f4MnoZzWoH1i1kGy$ee5e136fe879f26595fa330e114a3549e958346d30611af312c1b6bf0e25d5e4","Julie","Pollard","-26.5979035","166.896109"
"88","mbates@hotmail.com","pbkdf2:sha256:600000$oDOTWzio2GPrh61V$5d5fcfcef7a789109d59d5848a2deeec507f9fd2103dc85faaf03a2229117c39","Carl","Myers","-59.229953","123.487004"
"89","tony58@gmail.com","pbkdf2:sha256:600000$dpqZYnEnuSM34OXa$cfab790222b1e17686c11121369006fdbe3b885a3883003f3d5faf93bc377c34","Kristina","Miller","5.9041075","-116.405289"
"90","mhowell@gmail.com","pbkdf2:sha256:600000$UVwkObzGGHbK5zzE$a40d062e38978d2de02b3b0f1a53d1fed75527f3ce74711186740ed7b309b75e","Joe","Reeves","5.9697565","172.383106"
"91","vicki40@hotmail.com","pbkdf2:sha256:600000$3wrROBIRkJihapuO$8fc87237706621b4196c0af4d3d90f2b57b09d23e8ba871b398a54a64dbf9d33","Joshua","Khan","41.815606","-118.743302"
"92","twood@hotmail.com","pbkdf2:sha256:600000$gQeP5xtjxS5cpy7v$43c90d9b097b78a1686824321fabf27a6bda886998f34a4eba41ccbde265ddc6","Travis","Jacobs","81.290891","-167.558291"
"93","cweaver@gmail.com","pbkdf2:sha256:600000$yRmZaiZvU1id5HG9$cc99c7ef5ca1d108105e6476e0308444f7a20b1084e11d22aad33e1b8edb7dc5","David","Castro","-58.2905535","171.575927"
"94","twilson@yahoo.com","pbkdf2:sha256:600000$NRAhzMvlHFxGi2TA$d138c09f61a4103c948a460a846bbe829b9660eaa39e3301e4585f6e0a2d0d9f","Kathryn","Martin","-74.955986","-145.878655"
"95","woodscaitlin@hotmail.com","pbkdf2:sha256:600000$IbFbRXQqko7FDewZ$965a7e10667e8fff1364e6f8aab7f2dcd64b1a33b9d20fb1e690a961794022e0","Jessica","Mcdaniel","65.471960","61.526842"
"96","jocelynlopez@yahoo.com","pbkdf2:sha256:600000$mtjtK988a2BFjdrH$d0d4bd30be2d3f8b307aeda04acaafc286aaa381c123b363efbf5117cdb3e494","Crystal","Hoffman","-24.413354","73.913534"
"97","williamslucas@yahoo.com","pbkdf2:sha256:600000$q4lLiSKW8pfkLgvC$6957f7199234ce4f7b94a491b052b35fd8fd0d10c3e17e6e7eca39dc75a30e6d","Amy","Boone","-8.570692","-145.045599"
"98","vanderson@gmail.com","pbkdf2:sha256:600000$Jdfa5HGXsQCLrqKy$5309e10cbb1aedd5e5c0921bcdd5ee28fe65a9846ea048d2bdff762549e23591","James","Gutierrez","12.898720","147.668263"
"99","debra35@yahoo.com","pbkdf2:sha256:600000$b3yYZNVluF20lFty$2699fcc9f67679201dc6c206de7b379b4aec1794f208e1ed3a10ffd7680e273c","William","Rhodes","-13.132004","165.633539"
"100","jaredwheeler@hotmail.com","pbkdf2:sha256:600000$1zpLBLbPIOwg0Lv5$28669f356af2a229155d318ed3ff2bdb33046adc2205cc825e63b3529c2117ee","Maria","French","2.6481365","151.750245"
"101","teresa06@yahoo.com","pbkdf2:sha256:600000$AQ5flgGUjahpX2yj$a6d4c459824beaaf23a5923851933feeb1b70a94dc6a5f001046aa44b5375e57","Kimberly","Hansen","-28.2457115","34.213076"
"102","kreynolds@gmail.com","pbkdf2:sha256:600000$erIJBuzBKHabbkG1$5b495527e7f9635bebc0aad2f116ff8bd80ede4bf0886ca0ea22294ada099856","Susan","Nelson","62.122373","-86.586806"
"103","nichole66@gmail.com","pbkdf2:sha256:600000$LEA1cyzxDu44kySS$db89bc32871708cc831db96338093ddc862c2d058d81478c3c2ecbb5b6ef096a","Mark","Quinn","-14.008447","29.447600"
"104","bennettangel@hotmail.com","pbkdf2:sha256:600000$OIm25ZDc0vJSyP8s$afdd89d21f698f7e1f9e4601012bb11b598d9d270ec264ce0ffd0e1602286620","Amanda","Barton","66.7265315","70.418792"
"105","audreystanley@gmail.com","pbkdf2:sha256:600000$A63qfuPNJgAOlxfb$feb89f608ea5ed8a8771006dc8b204c79b447cb9d44537644213890e718b7fab","Corey","Snyder","12.1731605","167.032733"
"106","evanstaylor@gmail.com","pbkdf2:sha256:600000$83kNQRdEm6O5ycPK$6c7b9bf4a88598a237603644ffec790bcc3dd3eaa41926ddf7840423401c97f7","Tracey","Dorsey","-85.751897","-138.936941"
"107","carla38@hotmail.com","pbkdf2:sha256:600000$UvVezVJWH3nW9B3v$8b81a38f4c72d0270f9171811cf75ddedbb077b7da3bb46da4386c3c49a96590","Jonathan","Flores","-3.134264","5.722511"
"108","connormacias@gmail.com","pbkdf2:sha256:600000$zDLTwmfuLpu94ICO$cf72c0fa9d15190c8464549be68963459cae10ba19fb7b07b122339c9763c7af","Pamela","Schneider","-33.788568","-10.132286"
"109","amandaduran@gmail.com","pbkdf2:sha256:600000$SI8Hcg8BeZZU8GzX$22214dfab8a647a838580c19b61007be01e40e5ddfac193dcfef3170c0f23293","Dale","Lopez","57.017559","112.665460"
"110","martinkaren@hotmail.com","pbkdf2:sha256:600000$t7E5CSU5RkGJ42wn$43a82cd75d81fa9b14c8a3c9f2f9d8e3e27179c6f9744b7f0268d496b20f180e","Jason","Bowen","71.545611","-102.384718"
"111","hernandezjoshua@hotmail.com","pbkdf2:sha256:600000$gTmawMf7ON3t1rdY$565d9914be4fdfcf31fcb3b80f2a4479222a35a236fa79cd1138aaaa55612233","William","Castillo","56.9441105","-73.219048"
"112","alejandrokline@gmail.com","pbkdf2:sha256:600000$wShQjTEFQvvVZokF$a6f1aac0aeeea5bd845e551b5ca5ef6572e872f6f77ee21353684ae711d4feba","Jack","Wilson","-25.881147","-171.470110"
"113","arieledwards@yahoo.com","pbkdf2:sha256:600000$mUXKHeYWLKhWkWer$dd541fb367c482cf3e78c5761086d12b0617bdee5b0b85d827cd74f927f4b4ab","Kenneth","Elliott","-31.759030","-18.234759"
"114","william66@yahoo.com","pbkdf2:sha256:600000$G3ZtYVs0CH31oxEW$e2ff1ae283199aca1079b527ffb058b5422ed14429569d8747797fd95d631200","Aaron","Payne","34.695145","-72.094377"
"115","james57@yahoo.com","pbkdf2:sha256:600000$IwJ6hFd15s0YDxky$4f22f90b4e6d452f535b3db09d385a6d57d8e0a7f3ab027c496b0050db151f14","Antonio","Wallace","46.4273505","31.079663"
"116","kevin02@gmail.com","pbkdf2:sha256:600000$iX86GSSKp1iCALaO$bc988f7f7783b61c948c89dff5486e0635594fff3233f1ee299f1231678fb372","Austin","Perry","-34.172348","-118.729190"
"117","george72@gmail.com","pbkdf2:sha256:600000$CisNQtpzOJRE3OmY$4c4cbd25d0c2a335e9aee590a02049508befb03de6d809492dbb3041e5837f82","Joseph","Davis","-1.5133135","133.153434"
"118","deleonmichele@gmail.com","pbkdf2:sha256:600000$aew2qcGlAS0evvlj$966f1bbca3d139425fa88fa2c51a2d9d99a8d8fe702c60efb802483120cd738e","Rachel","Stone","68.906715","24.495783"
"119","jenningssherry@yahoo.com","pbkdf2:sha256:600000$qwOZ8sOtBTlGt9Zb$1ced57bbdbe2991bddd1d3bc5af23d8e5823993568914e6d3c9fbcc7d74e0d40","Linda","Johnson","28.5256825","-155.368748"
"120","johnkirk@hotmail.com","pbkdf2:sha256:600000$45t0vagqyu9x46mu$d1063a253c67c1dd4335f3a6badbd1c01f0b51432c3ee2eaf51a04f3492f9ab6","Toni","Adams","66.2759995","-170.571365"
"121","fgonzalez@yahoo.com","pbkdf2:sha256:600000$0biNCdgjliqwnZLp$0501c08bd804593745c90f7747b7c758e0cc4ab4b0abe1530ab9217c81fff276","Kevin","Jackson","75.9596765","142.700201"
"122","millerpamela@gmail.com","pbkdf2:sha256:600000$68MxxiFWP0DHd1oS$471d815b06327cb8c3cbae1ec3cc9d6f332568666f1430b3c22da482d4dceb8a","Melanie","Bailey","33.5903215","53.197136"
"123","robertsmary@yahoo.com","pbkdf2:sha256:600000$ipxdzrMN1zgb9LyH$303686e38a9ba8ceffee17c71f319ed67b217f6cec6cae26b43eb238ef4f77a0","Lauren","Kennedy","-50.071152","177.378560"
"124","brittany03@gmail.com","pbkdf2:sha256:600000$7DiK7ta0uUNmVxCL$08044d83a8b6bc1934436be9c0759a3ca6aea217f94c369fbc52d2e6badcc562","Alexander","Gibson","3.220086","-17.472713"
"125","shannon32@hotmail.com","pbkdf2:sha256:600000$Np5jxbEwsOADgBYE$e302d952c12f9a7aca567ad9ae0b462cbdb2f52949f28cdd0878bd6638f0a983","Nicholas","Randall","-66.196041","-22.590085"
"126","emilycampbell@gmail.com","pbkdf2:sha256:600000$Gy5PSDscOgAtJ3KU$6350eb6db43ac9d6894e7848d64a15b1723c8e8915c626655ffa8d0b380407ca","Ashley","Fox","-22.422826","155.745743"
"127","osmith@gmail.com","pbkdf2:sha256:600000$2gbjL4tB77qU7WJz$463fd8555c9320cddd86b22896c3e90a88ea0ccd9ca2be90b2a43b617aa7a868","John","Thompson","16.579235","-100.913999"
"128","hstewart@yahoo.com","pbkdf2:sha256:600000$dmssYZ2cLrq60Qah$04747f795bd590208e2d4fde86735b8688d554aa030d7b2193bb6c5033f8bdef","Eric","Baker","-21.929410","-94.308070"
"129","gonzalezscott@yahoo.com","pbkdf2:sha256:600000$C8dVDVy9YPZTAz2v$07d07e7cb2282b35d7ed90e6eb4ec1e94e8afb4068075366b475237ed8a0e517","Chase","Jackson","-57.385917","92.377360"
"130","yanthony@yahoo.com","pbkdf2:sha256:600000$Vy7xDMJlQIS8BT0X$c8f964476ca13f8cf3170bd71cd4f94ecdd056634db5ccb319e506ead2be4f04","Cathy","Green","14.415800","-104.946678"
"131","maurice65@yahoo.com","pbkdf2:sha256:600000$DG75GtXzaP6rgxFN$2e643a0b334194f836bd5268d36dca48824d3cad18c851304fc258f0098275e3","Lori","Anderson","-58.120988","7.487364"
"132","jasmine05@hotmail.com","pbkdf2:sha256:600000$a4Sy3QzKygr1ybWx$a23ccd538b99e1e271166cc4718f44d7f905a68634faaf6d763346b7a67c8c76","Michael","Murray","-68.4602015","-153.930080"
"133","russellbrian@hotmail.com","pbkdf2:sha256:600000$iwKz2IwSnKIOxlL3$a1c179ccd2eded20df80fccb32d30cdac03e1933127251fe7195a3662418d6ee","Caitlin","Jones","15.727091","117.601672"
"134","marc10@yahoo.com","pbkdf2:sha256:600000$IQnsPqDfdr36p0KV$4a9951b495498cafcc0a91cf7ac757432cd70f53cdf6b79a8aa375fc0b2c161e","Shelby","Haynes","-72.4065655","144.686496"
"135","hjohnson@gmail.com","pbkdf2:sha256:600000$E62MixD57j5zEWSW$220fadb4ffe9b540aa4a20d62f2b4f29237b2b32fdef8c6bcc8f97c959ecc6b7","Leslie","Burns","-35.029097","-179.995438"
"136","pstevens@yahoo.com","pbkdf2:sha256:600000$bxxsoJeCx7PW5nIg$832fd9a59cdbe90850be547506a327be971742adc0cf9b34b5ad3923f544afba","Timothy","Schmidt","34.586551","-173.185884"
"137","allenjames@yahoo.com","pbkdf2:sha256:600000$ghaYVKUkkoe1K7I9$f6dcb95fe2f68d5d786a9bf2d37b49f0dee4b87940420538d14a8c6720db07af","Kathleen","Long","-5.3335925","91.776347"
"138","rachelwilson@hotmail.com","pbkdf2:sha256:600000$VwXEFTxmahdhAVhL$578b7665a937e5cb919a14364f0db78a86e7e43ada266494766e622364ab6c9f","Angela","Fox","78.5505785","-10.489006"
"139","timothy68@gmail.com","pbkdf2:sha256:600000$9qtzCk2WjKnoNqj4$6e17df766f5fee68a79f74327cd362555e2511cfa5ba2ca848117073d60f0412","Mr.","Miller","-76.5842315","169.270008"
"140","mackenziewheeler@hotmail.com","pbkdf2:sha256:600000$hSdUrZhTcC68klFL$adfdf27a355f76086e523c07141664062d066b31c9b89a0b594786975f027488","Tracey","Jordan","68.8788465","-1.729550"
"141","lewisnicole@gmail.com","pbkdf2:sha256:600000$5EQVeXHvAVvxHX0S$9c495dd06a9b4744f0f677521ba4d6dc4efffae0634ffc40746073ffdbf64019","Eduardo","Ray","73.1718515","-174.461292"
"142","rodriguezjimmy@hotmail.com","pbkdf2:sha256:600000$05ZGozOuco0KSiQ6$a09b4af98c62895028594c2ae5878d9d0206200d3bba6df2cdefe0d1e60db9e5","Kari","Frazier","24.5839745","124.669108"
"143","jacob18@hotmail.com","pbkdf2:sha256:600000$NSESrWCzI5zD6VKl$b7a3c2036a1b96f78cee38addbe6d1d64098cb8d6626edb9b0f95ae9c03a6893","Justin","Thompson","-39.100850","-23.756348"
"144","judith06@yahoo.com","pbkdf2:sha256:600000$VgniBaZNVRW6a9hh$b14245f34d2423fe1c965671b1a1350b05b27e7bddb44e0ca96a0c2736be7acb","Julie","Warren","33.257496","106.950857"
"145","vanessa40@yahoo.com","pbkdf2:sha256:600000$zDNRR3G3aebBoGFj$5edf830bcf4cf3ce37fb10acdeb7f6776e731d0cc2c62b732888da9ff42761f9","Kelli","Reynolds","53.394926","93.662679"
"146","bherman@hotmail.com","pbkdf2:sha256:600000$f6aLDENJ4WOXblI6$1d9fa63a218e02e59f54e8a30722c515472d146e260bca5dad9a9d2484de6f2b","Paige","Mckee","8.5579355","35.310899"
"147","mary65@gmail.com","pbkdf2:sha256:600000$2HeQfooxV7tddsCh$4dcb7ff968f5b5acf079472a57fe385fa564d4c742333da47aec7e9f0fef3643","Mario","Turner","-67.232276","10.610278"
"148","wgraham@hotmail.com","pbkdf2:sha256:600000$Z8BZdTl9DRd2mM4n$2f0a755f80efb18b981a41b9f659d7676b2992235e14f7310b2c5cfffc457154","Erin","Miller","-70.5688325","138.548274"
"149","ddavies@yahoo.com","pbkdf2:sha256:600000$aeq0JZu7DKUNK6d7$74d17aa190c6769585cf20892b6ff6cb650bce696d15be4fa8ff8135a5835054","Riley","Sanchez","-11.6333165","177.667219"
"150","gstevenson@yahoo.com","pbkdf2:sha256:600000$aJj1hnLi7Mk7g2pF$998f035670bbd91b0bc8e809672ad86d29eacaf38714622e5674accd9a063478","Claudia","Montgomery","-48.317499","24.093284"
"151","joshuacurtis@hotmail.com","pbkdf2:sha256:600000$BOYWP02RBwcWcyoA$4409152af58fce6283b2e52171aa68d6bf0770eed12be15fde96f92e37489a0b","Melissa","Schroeder","-52.7719625","111.839951"
"152","wallacetina@hotmail.com","pbkdf2:sha256:600000$p97aHxY3xHafWMXG$74c463065bf32f04faa7a251f4e36bf4be29ac501f87c3264eee4d86cd7f05d3","Steven","Singh","-44.031557","-16.205507"
"153","qbrown@gmail.com","pbkdf2:sha256:600000$VJjpJl2zG32P9rCf$08d3efb949cb8bd1fe411a26b715f31fdf1ebfb10a4e49359fda65cff165630d","Theodore","Brandt","-46.4977945","-172.936629"
"154","mshelton@gmail.com","pbkdf2:sha256:600000$b3DtlZF7ARtP4FM9$01b04c2c6ebee24540c5518602252b8251759d20313cfb97e5d8b833e75b03ab","Laura","Powell","41.312347","45.342901"
"155","clarkenancy@gmail.com","pbkdf2:sha256:600000$FlW9NyUdYLjM6L04$7c41c16e74c6155780129b7e865bfcb99a7d4efe91c1b6e5553ee392a1ae7eb5","John","Allen","66.6547805","153.001494"
"156","anthonybenson@gmail.com","pbkdf2:sha256:600000$fnvnunSAmPvsvDXw$2e06c6b6db17b5c562a750f7728597d51ed8aeb3c766f4b46a5fa9ce43c36686","Alec","Mitchell","21.388300","144.112222"
"157","iandrews@yahoo.com","pbkdf2:sha256:600000$xzGhz8I99xBZ3yrY$f5e845219bd9680ae150f4d6559a13cb75765ffa6462f5d624a448fb4a6f8cb4","Dennis","Cooper","43.2615545","39.742270"
"158","olivianelson@gmail.com","pbkdf2:sha256:600000$clrCSVQ4J9KMPw9U$854b5940cb834416208eb8e3dfe48cadf1a756efc1f5d5b935ac0ad6eeaa5897","Cole","Hays","-49.594190","-117.233323"
"159","rebecca70@yahoo.com","pbkdf2:sha256:600000$jimXmYQIsTDJzgrB$62e3095bb0583db614196cdba0aa8de4644652906ddd89f53233aa503d4c0f20","Carlos","Gilbert","-38.540573","78.391375"
"160","melindanelson@yahoo.com","pbkdf2:sha256:600000$wf0WJLWR5jOtg33r$fca0a8f0a364aa9be8e94806b6434bff3e3bec94106717b594dcf958b3dc7244","Robert","Chavez","-50.580323","21.556230"
"161","paul95@yahoo.com","pbkdf2:sha256:600000$LMRpvKFSwc5OM2Hq$2a6c0b4e029756d3d3eab966d0217740cfd573c2eb5f340564f34617b930b1cd","Jerry","Coleman","49.592402","122.257103"
"162","browndawn@hotmail.com","pbkdf2:sha256:600000$9opntU3HaUXriajJ$b516ef356da677cb3443baea05f5611c69114168ec02e42a77cabd2931675458","Amanda","Johnson","-77.7881035","-108.075699"
"163","shellychandler@hotmail.com","pbkdf2:sha256:600000$RYxooDZ1y0P11dQd$3f50b4da36fe63c0e7d4a8b271e4e3cb9d9eaa97019812690a700ee8d602f62b","Cameron","Martinez","-89.487967","175.497631"
"164","khanbobby@gmail.com","pbkdf2:sha256:600000$c3krOC35s7r17daZ$d7d397991a9a39321110aafe6b4edc48acedf653364ada7588f57cab72fe7711","Megan","Campbell","-82.0186885","-148.748682"
"165","calvinross@hotmail.com","pbkdf2:sha256:600000$rrvscEm3qY0X3kzW$52745b319a93cbcbb0b9a21b5b2f0f9fc1019a9e2811628cc82154e9cac0d429","Sheila","Mitchell","-86.073800","-144.853179"
"166","andersonrachel@gmail.com","pbkdf2:sha256:600000$34Ba4f8bbY0JreKM$314be7c52ba7b0672322e233ce5936ea6efb7580f4664a6533281569c3de556b","Stephen","Ramsey","-34.944627","-142.771621"
"167","michaelhart@gmail.com","pbkdf2:sha256:600000$Q61K4LqNgcvmG6w8$26a1624119e77c50bbc62905d8b9b5044f56a56072316300d600c233dcf82f2d","Tamara","Anderson","-37.4415775","-36.172488"
"168","brandonwalker@yahoo.com","pbkdf2:sha256:600000$Gw64ncvkvU5hZvOX$f1980efcd36a5753a784d7086e92705a9bad76063ea1417e286d4c1032d423ef","Phillip","Porter","-52.639278","-24.434703"
"169","dmoreno@hotmail.com","pbkdf2:sha256:600000$YH4bNFFg5LvLOslx$7e28de600adc6755833ddd5983dfae5e16679c6292cdf5af63fb55fa4ac142fa","Thomas","Murray","14.311558","128.245433"
"170","haynesdaniel@hotmail.com","pbkdf2:sha256:600000$HhEayKm0FoWqvtB8$9a374e35fb1cd1fb312518e9dfa61fe4138484af6c33373b6376ef883b15ac83","Michael","Morales","-49.736327","24.394002"
"171","gsanchez@yahoo.com","pbkdf2:sha256:600000$VdQ7nTffTdHxd9nq$25661d555bd2f9973ca3cf9f18153f71403a78ddc9cd0a173e9e960ca171b102","Frank","Wilson","-73.9170585","168.544014"
"172","brendan25@hotmail.com","pbkdf2:sha256:600000$hLDThcEvcv0zSoM2$a2cc9e154a3a7b88872c379e4af7385d082d913bde41ccb9870aba0cbc1f7952","William","Martinez","57.1032005","-163.645856"
"173","margaret55@yahoo.com","pbkdf2:sha256:600000$nQ0XR2X2hfxy5k9X$48c6edbc689ec2ad79319fd2d379a02bbc64e050751315a575e31d19c22e27ea","Christopher","Conley","53.4531905","-18.340478"
"174","goldenmelissa@gmail.com","pbkdf2:sha256:600000$aDl6wQD8NNRRZq0f$ba46d4ea19bd693c7b6f6c4c5c07ac95231b18d8a5a45b764e4eb22803ce2e6f","Antonio","Parrish","65.343506","163.282145"
"175","campbelllaura@yahoo.com","pbkdf2:sha256:600000$wGpF2MXs5KwOywpC$5f49b2b3b67dd3c4de489a944eba0dda2a216328ea6430be8363835dcaa20e11","Joe","Zimmerman","-79.8205945","-37.262833"
"176","jlucas@yahoo.com","pbkdf2:sha256:600000$fr3YEl6bOEhXwB2j$882758595dfa030a66a823bde24fd9619d8f80b2198135fd8974c09269960176","Lindsey","Nguyen","-60.8032225","44.698995"
"177","carla37@yahoo.com","pbkdf2:sha256:600000$uwMuwKfLGPgFsIL1$4549a7f553a09825c54a0f61002245782527107bb6046a5fab30272745380a10","Parker","Jacobson","-76.865181","72.778083"
"178","melissarojas@gmail.com","pbkdf2:sha256:600000$p6KL8TSRgtDMOaAJ$5b7c867642c3d07e42d1a205b5854e140037240eea7a324fdc5d165035859d7d","Joseph","MD","-56.015589","-116.658041"
"179","kingemily@gmail.com","pbkdf2:sha256:600000$b6mHqT3IQGkhCQzI$50b6270faca36bbc2b0ed85a5f789f4a3099883fd1bba7090d3ddd0c37195f41","Mrs.","DDS","-10.356915","38.121094"
"180","emily36@hotmail.com","pbkdf2:sha256:600000$WLBTcQBZjAhv9Z2w$2a8e95be781545b8d90c1e1cbaf6be31fabd50f375fd93925764fada41b21c5e","Michael","Schultz","-65.733581","146.938343"
"181","cbyrd@hotmail.com","pbkdf2:sha256:600000$UuZ80S3kSc3s0T7M$8be80861c12efb4492e73fdc2a375cac3cad4f71728607db36cd29d653810ea8","Jessica","Rodriguez","-14.6377875","-163.376501"
"182","daniel79@gmail.com","pbkdf2:sha256:600000$CQ1FhjKK3asVVCQb$c379b6c989ced3acbea7a1a7be991f6a662136c338a7e204dbd2d67b901dd33e","Noah","Hicks","17.658545","8.781034"
"183","kirk96@yahoo.com","pbkdf2:sha256:600000$u3NJGnBHWgBQI19T$57bceba3bfdbf6cdffc5acdbc49a3bfe0d72956e00dce72b725cc6db4080e8ec","Gregory","Carter","-11.465593","-140.487828"
"184","jacob15@hotmail.com","pbkdf2:sha256:600000$0GRZyTZstSZZJfMC$d693030ee08603fe945d3409277088d7af39cd8251f8836ebc864a7ed74a58d4","Mary","Powell","-75.9660375","-136.987306"
"185","jwells@gmail.com","pbkdf2:sha256:600000$nEhPxo9MXQ70tycn$c2ad694a16fc651d154b9f051699eeeba3c994226c5a2ffdf959c7c700943865","Daniel","Ward","-11.9818205","-37.018811"
"186","kellycruz@hotmail.com","pbkdf2:sha256:600000$iUcf8IZhh500zAhA$1815c537ea1211e79aefe22d84c4a477d6ad2596f40b4d6242be193458fd231c","Darlene","Watson","-22.1734965","23.559433"
"187","fblair@gmail.com","pbkdf2:sha256:600000$X3oXzyiCHo86EwEC$01c7ea808d05e914ce96b6bc52af8d2ae0d4870e616ea9de03ef8384fca6e5fd","Krista","Casey","-86.5599785","-66.200833"
"188","brian63@yahoo.com","pbkdf2:sha256:600000$2Oekj2GbyqHVstqb$c08ad47f5407608f85a5c647aea3e7ea08ddb8f23e92e72a0c6b804de4151ab6","Daniel","Torres","72.4819065","177.573809"
"189","marcus85@hotmail.com","pbkdf2:sha256:600000$qjydpEzYGHlHsRyN$0a5dbf992a0e8e6da3c74947d8c8ed55bb2d50fcd53eb534322b54c0ceea52fc","Andrew","Vaughan","-17.464781","-8.965389"
"190","martinmary@gmail.com","pbkdf2:sha256:600000$V1uLBFUTj6Yo3Wka$f4fbe33724607ef3cd7e96d299ec1a26604678e6437e450a886f647994480948","Emily","Houston","-16.9729935","-120.850784"
"191","linda03@yahoo.com","pbkdf2:sha256:600000$MHFfK9ofcTjvCQfR$c7e2d81ba2841989cadad6dede144e98ada0abc4f3e1e760e925d03ac8271de8","Thomas","Harrison","-72.860755","159.530620"
"192","michael33@hotmail.com","pbkdf2:sha256:600000$suOCVLFf7TIzIHlc$59e180daf4ca85ef3bffe051fe71aae82571a668f906f996ec208b1d722f2273","Karen","Carrillo","87.0869665","74.030275"
"193","robertsamber@hotmail.com","pbkdf2:sha256:600000$tJMownGQHDyLTnHJ$a6885c760452e09dfa8cd080e75c4c661e91b7a1daee86d0fe53de800215ddb3","Elizabeth","Rhodes","74.759640","-16.862770"
"194","patelchristie@yahoo.com","pbkdf2:sha256:600000$NTlGLCvCpTFQzKcg$588b08124d4e3bcffce21a5b186789079eec13d210c065a5f9d82b30228bed02","Marissa","Gonzales","37.7972845","67.158709"
"195","moorechristina@yahoo.com","pbkdf2:sha256:600000$9HaRRnTokRbT3shO$7880042db95705ef1ad64c2a4ecfbd7988219bcf180b300102d04db916b52624","Richard","Cortez","61.8330865","146.039162"
"196","david24@hotmail.com","pbkdf2:sha256:600000$IpUfQwwZaGLJdQ5l$b4bad03f3bd7b5d9cd9b7e11f42ed95b8d8a4afdd6164d05c1e002948d88974d","Daniel","Castillo","-40.7559605","99.748944"
"197","ambermurray@gmail.com","pbkdf2:sha256:600000$CPJs75qvwgqN0z5P$d04dd6d45e8875ded3af54bce1d057ef50ed35b09e3cf10a17773662d9558d05","Lisa","Lewis","53.7190385","154.016172"
"198","whitedonna@yahoo.com","pbkdf2:sha256:600000$mFOvqn1l44Mpl5LW$eebe934c20047f042dcc2dae20a2df88a33fa6f5ada2e597bf154f915780cc68","Eric","Robinson","-41.334661","-179.295642"
"199","gabrielaroy@yahoo.com","pbkdf2:sha256:600000$72sByf9gCEHcLqwk$c277ee55e280bf70feb5f8f9ede88d2aae4df8aeb9cb2bbba78e93729895ede2","Tyler","Brown","-1.0654465","-125.359347"
